idTeacher,idSubject,group
1,9,1
1,9,2
1,9,3
1,9,4
1,9,5
1,10,1
1,10,2
1,10,3
1,10,4
1,10,5
2,56,1
2,56,2
2,56,3
2,56,4
2,56,5
2,57,1
2,57,2
2,57,3
2,57,4
2,57,5
3,44,1
3,44,2
3,44,3
3,44,4
3,44,5
3,45,1
3,45,2
3,45,3
3,45,4
3,45,5
4,1,1
4,1,2
4,1,3
4,1,4
4,1,5
4,2,1
4,2,2
4,2,3
4,2,4
4,2,5
5,45,1
5,45,2
5,45,3
5,45,4
5,45,5
5,46,1
5,46,2
5,46,3
5,46,4
5,46,5
6,78,1
6,78,2
6,78,3
6,78,4
6,78,5
6,79,1
6,79,2
6,79,3
6,79,4
6,79,5
7,22,1
7,22,2
7,22,3
7,22,4
7,22,5
7,23,1
7,23,2
7,23,3
7,23,4
7,23,5
8,49,1
8,49,2
8,49,3
8,49,4
8,49,5
8,50,1
8,50,2
8,50,3
8,50,4
8,50,5
9,100,1
9,100,2
9,100,3
9,100,4
9,100,5
9,101,1
9,101,2
9,101,3
9,101,4
9,101,5
10,12,1
10,12,2
10,12,3
10,12,4
10,12,5
10,13,1
10,13,2
10,13,3
10,13,4
10,13,5
11,67,1
11,67,2
11,67,3
11,67,4
11,67,5
11,68,1
11,68,2
11,68,3
11,68,4
11,68,5
12,157,1
12,157,2
12,157,3
12,157,4
12,157,5
12,158,1
12,158,2
12,158,3
12,158,4
12,158,5
13,13,1
13,13,2
13,13,3
13,13,4
13,13,5
13,14,1
13,14,2
13,14,3
13,14,4
13,14,5
14,197,1
14,197,2
14,197,3
14,197,4
14,197,5
14,198,1
14,198,2
14,198,3
14,198,4
14,198,5
15,98,1
15,98,2
15,98,3
15,98,4
15,98,5
15,99,1
15,99,2
15,99,3
15,99,4
15,99,5
16,43,1
16,43,2
16,43,3
16,43,4
16,43,5
16,44,1
16,44,2
16,44,3
16,44,4
16,44,5
17,132,1
17,132,2
17,132,3
17,132,4
17,132,5
17,133,1
17,133,2
17,133,3
17,133,4
17,133,5
18,150,1
18,150,2
18,150,3
18,150,4
18,150,5
18,151,1
18,151,2
18,151,3
18,151,4
18,151,5
19,22,1
19,22,2
19,22,3
19,22,4
19,22,5
19,23,1
19,23,2
19,23,3
19,23,4
19,23,5
20,181,1
20,181,2
20,181,3
20,181,4
20,181,5
20,182,1
20,182,2
20,182,3
20,182,4
20,182,5
21,34,1
21,34,2
21,34,3
21,34,4
21,34,5
21,35,1
21,35,2
21,35,3
21,35,4
21,35,5
22,6,1
22,6,2
22,6,3
22,6,4
22,6,5
22,7,1
22,7,2
22,7,3
22,7,4
22,7,5
23,99,1
23,99,2
23,99,3
23,99,4
23,99,5
23,100,1
23,100,2
23,100,3
23,100,4
23,100,5
24,95,1
24,95,2
24,95,3
24,95,4
24,95,5
24,96,1
24,96,2
24,96,3
24,96,4
24,96,5
25,108,1
25,108,2
25,108,3
25,108,4
25,108,5
25,109,1
25,109,2
25,109,3
25,109,4
25,109,5
26,135,1
26,135,2
26,135,3
26,135,4
26,135,5
26,136,1
26,136,2
26,136,3
26,136,4
26,136,5
27,102,1
27,102,2
27,102,3
27,102,4
27,102,5
27,103,1
27,103,2
27,103,3
27,103,4
27,103,5
28,84,1
28,84,2
28,84,3
28,84,4
28,84,5
28,85,1
28,85,2
28,85,3
28,85,4
28,85,5
29,181,1
29,181,2
29,181,3
29,181,4
29,181,5
29,182,1
29,182,2
29,182,3
29,182,4
29,182,5
30,142,1
30,142,2
30,142,3
30,142,4
30,142,5
30,143,1
30,143,2
30,143,3
30,143,4
30,143,5
31,26,1
31,26,2
31,26,3
31,26,4
31,26,5
31,27,1
31,27,2
31,27,3
31,27,4
31,27,5
32,5,1
32,5,2
32,5,3
32,5,4
32,5,5
32,6,1
32,6,2
32,6,3
32,6,4
32,6,5
33,60,1
33,60,2
33,60,3
33,60,4
33,60,5
33,61,1
33,61,2
33,61,3
33,61,4
33,61,5
34,184,1
34,184,2
34,184,3
34,184,4
34,184,5
34,185,1
34,185,2
34,185,3
34,185,4
34,185,5
35,86,1
35,86,2
35,86,3
35,86,4
35,86,5
35,87,1
35,87,2
35,87,3
35,87,4
35,87,5
36,159,1
36,159,2
36,159,3
36,159,4
36,159,5
36,160,1
36,160,2
36,160,3
36,160,4
36,160,5
37,196,1
37,196,2
37,196,3
37,196,4
37,196,5
37,197,1
37,197,2
37,197,3
37,197,4
37,197,5
38,2,1
38,2,2
38,2,3
38,2,4
38,2,5
38,3,1
38,3,2
38,3,3
38,3,4
38,3,5
39,152,1
39,152,2
39,152,3
39,152,4
39,152,5
39,153,1
39,153,2
39,153,3
39,153,4
39,153,5
40,174,1
40,174,2
40,174,3
40,174,4
40,174,5
40,175,1
40,175,2
40,175,3
40,175,4
40,175,5
41,71,1
41,71,2
41,71,3
41,71,4
41,71,5
41,72,1
41,72,2
41,72,3
41,72,4
41,72,5
42,150,1
42,150,2
42,150,3
42,150,4
42,150,5
42,151,1
42,151,2
42,151,3
42,151,4
42,151,5
43,30,1
43,30,2
43,30,3
43,30,4
43,30,5
43,31,1
43,31,2
43,31,3
43,31,4
43,31,5
44,40,1
44,40,2
44,40,3
44,40,4
44,40,5
44,41,1
44,41,2
44,41,3
44,41,4
44,41,5
45,45,1
45,45,2
45,45,3
45,45,4
45,45,5
45,46,1
45,46,2
45,46,3
45,46,4
45,46,5
46,157,1
46,157,2
46,157,3
46,157,4
46,157,5
46,158,1
46,158,2
46,158,3
46,158,4
46,158,5
47,125,1
47,125,2
47,125,3
47,125,4
47,125,5
47,126,1
47,126,2
47,126,3
47,126,4
47,126,5
48,186,1
48,186,2
48,186,3
48,186,4
48,186,5
48,187,1
48,187,2
48,187,3
48,187,4
48,187,5
49,19,1
49,19,2
49,19,3
49,19,4
49,19,5
49,20,1
49,20,2
49,20,3
49,20,4
49,20,5
50,11,1
50,11,2
50,11,3
50,11,4
50,11,5
50,12,1
50,12,2
50,12,3
50,12,4
50,12,5
51,159,1
51,159,2
51,159,3
51,159,4
51,159,5
51,160,1
51,160,2
51,160,3
51,160,4
51,160,5
52,21,1
52,21,2
52,21,3
52,21,4
52,21,5
52,22,1
52,22,2
52,22,3
52,22,4
52,22,5
53,49,1
53,49,2
53,49,3
53,49,4
53,49,5
53,50,1
53,50,2
53,50,3
53,50,4
53,50,5
54,128,1
54,128,2
54,128,3
54,128,4
54,128,5
54,129,1
54,129,2
54,129,3
54,129,4
54,129,5
55,8,1
55,8,2
55,8,3
55,8,4
55,8,5
55,9,1
55,9,2
55,9,3
55,9,4
55,9,5
56,91,1
56,91,2
56,91,3
56,91,4
56,91,5
56,92,1
56,92,2
56,92,3
56,92,4
56,92,5
57,199,1
57,199,2
57,199,3
57,199,4
57,199,5
57,200,1
57,200,2
57,200,3
57,200,4
57,200,5
58,64,1
58,64,2
58,64,3
58,64,4
58,64,5
58,65,1
58,65,2
58,65,3
58,65,4
58,65,5
59,182,1
59,182,2
59,182,3
59,182,4
59,182,5
59,183,1
59,183,2
59,183,3
59,183,4
59,183,5
60,102,1
60,102,2
60,102,3
60,102,4
60,102,5
60,103,1
60,103,2
60,103,3
60,103,4
60,103,5
61,25,1
61,25,2
61,25,3
61,25,4
61,25,5
61,26,1
61,26,2
61,26,3
61,26,4
61,26,5
62,189,1
62,189,2
62,189,3
62,189,4
62,189,5
62,190,1
62,190,2
62,190,3
62,190,4
62,190,5
63,118,1
63,118,2
63,118,3
63,118,4
63,118,5
63,119,1
63,119,2
63,119,3
63,119,4
63,119,5
64,85,1
64,85,2
64,85,3
64,85,4
64,85,5
64,86,1
64,86,2
64,86,3
64,86,4
64,86,5
65,153,1
65,153,2
65,153,3
65,153,4
65,153,5
65,154,1
65,154,2
65,154,3
65,154,4
65,154,5
66,36,1
66,36,2
66,36,3
66,36,4
66,36,5
66,37,1
66,37,2
66,37,3
66,37,4
66,37,5
67,43,1
67,43,2
67,43,3
67,43,4
67,43,5
67,44,1
67,44,2
67,44,3
67,44,4
67,44,5
68,166,1
68,166,2
68,166,3
68,166,4
68,166,5
68,167,1
68,167,2
68,167,3
68,167,4
68,167,5
69,18,1
69,18,2
69,18,3
69,18,4
69,18,5
69,19,1
69,19,2
69,19,3
69,19,4
69,19,5
70,180,1
70,180,2
70,180,3
70,180,4
70,180,5
70,181,1
70,181,2
70,181,3
70,181,4
70,181,5
71,107,1
71,107,2
71,107,3
71,107,4
71,107,5
71,108,1
71,108,2
71,108,3
71,108,4
71,108,5
72,7,1
72,7,2
72,7,3
72,7,4
72,7,5
72,8,1
72,8,2
72,8,3
72,8,4
72,8,5
73,129,1
73,129,2
73,129,3
73,129,4
73,129,5
73,130,1
73,130,2
73,130,3
73,130,4
73,130,5
74,153,1
74,153,2
74,153,3
74,153,4
74,153,5
74,154,1
74,154,2
74,154,3
74,154,4
74,154,5
75,20,1
75,20,2
75,20,3
75,20,4
75,20,5
75,21,1
75,21,2
75,21,3
75,21,4
75,21,5
76,8,1
76,8,2
76,8,3
76,8,4
76,8,5
76,9,1
76,9,2
76,9,3
76,9,4
76,9,5
77,73,1
77,73,2
77,73,3
77,73,4
77,73,5
77,74,1
77,74,2
77,74,3
77,74,4
77,74,5
78,5,1
78,5,2
78,5,3
78,5,4
78,5,5
78,6,1
78,6,2
78,6,3
78,6,4
78,6,5
79,111,1
79,111,2
79,111,3
79,111,4
79,111,5
79,112,1
79,112,2
79,112,3
79,112,4
79,112,5
80,90,1
80,90,2
80,90,3
80,90,4
80,90,5
80,91,1
80,91,2
80,91,3
80,91,4
80,91,5
81,40,1
81,40,2
81,40,3
81,40,4
81,40,5
81,41,1
81,41,2
81,41,3
81,41,4
81,41,5
82,82,1
82,82,2
82,82,3
82,82,4
82,82,5
82,83,1
82,83,2
82,83,3
82,83,4
82,83,5
83,100,1
83,100,2
83,100,3
83,100,4
83,100,5
83,101,1
83,101,2
83,101,3
83,101,4
83,101,5
84,121,1
84,121,2
84,121,3
84,121,4
84,121,5
84,122,1
84,122,2
84,122,3
84,122,4
84,122,5
85,68,1
85,68,2
85,68,3
85,68,4
85,68,5
85,69,1
85,69,2
85,69,3
85,69,4
85,69,5
86,24,1
86,24,2
86,24,3
86,24,4
86,24,5
86,25,1
86,25,2
86,25,3
86,25,4
86,25,5
87,148,1
87,148,2
87,148,3
87,148,4
87,148,5
87,149,1
87,149,2
87,149,3
87,149,4
87,149,5
88,92,1
88,92,2
88,92,3
88,92,4
88,92,5
88,93,1
88,93,2
88,93,3
88,93,4
88,93,5
89,117,1
89,117,2
89,117,3
89,117,4
89,117,5
89,118,1
89,118,2
89,118,3
89,118,4
89,118,5
90,61,1
90,61,2
90,61,3
90,61,4
90,61,5
90,62,1
90,62,2
90,62,3
90,62,4
90,62,5
91,188,1
91,188,2
91,188,3
91,188,4
91,188,5
91,189,1
91,189,2
91,189,3
91,189,4
91,189,5
92,184,1
92,184,2
92,184,3
92,184,4
92,184,5
92,185,1
92,185,2
92,185,3
92,185,4
92,185,5
93,78,1
93,78,2
93,78,3
93,78,4
93,78,5
93,79,1
93,79,2
93,79,3
93,79,4
93,79,5
94,26,1
94,26,2
94,26,3
94,26,4
94,26,5
94,27,1
94,27,2
94,27,3
94,27,4
94,27,5
95,16,1
95,16,2
95,16,3
95,16,4
95,16,5
95,17,1
95,17,2
95,17,3
95,17,4
95,17,5
96,14,1
96,14,2
96,14,3
96,14,4
96,14,5
96,15,1
96,15,2
96,15,3
96,15,4
96,15,5
97,15,1
97,15,2
97,15,3
97,15,4
97,15,5
97,16,1
97,16,2
97,16,3
97,16,4
97,16,5
98,63,1
98,63,2
98,63,3
98,63,4
98,63,5
98,64,1
98,64,2
98,64,3
98,64,4
98,64,5
99,83,1
99,83,2
99,83,3
99,83,4
99,83,5
99,84,1
99,84,2
99,84,3
99,84,4
99,84,5
100,112,1
100,112,2
100,112,3
100,112,4
100,112,5
100,113,1
100,113,2
100,113,3
100,113,4
100,113,5
101,119,1
101,119,2
101,119,3
101,119,4
101,119,5
101,120,1
101,120,2
101,120,3
101,120,4
101,120,5
102,175,1
102,175,2
102,175,3
102,175,4
102,175,5
102,176,1
102,176,2
102,176,3
102,176,4
102,176,5
103,126,1
103,126,2
103,126,3
103,126,4
103,126,5
103,127,1
103,127,2
103,127,3
103,127,4
103,127,5
104,129,1
104,129,2
104,129,3
104,129,4
104,129,5
104,130,1
104,130,2
104,130,3
104,130,4
104,130,5
105,128,1
105,128,2
105,128,3
105,128,4
105,128,5
105,129,1
105,129,2
105,129,3
105,129,4
105,129,5
106,39,1
106,39,2
106,39,3
106,39,4
106,39,5
106,40,1
106,40,2
106,40,3
106,40,4
106,40,5
107,165,1
107,165,2
107,165,3
107,165,4
107,165,5
107,166,1
107,166,2
107,166,3
107,166,4
107,166,5
108,179,1
108,179,2
108,179,3
108,179,4
108,179,5
108,180,1
108,180,2
108,180,3
108,180,4
108,180,5
109,131,1
109,131,2
109,131,3
109,131,4
109,131,5
109,132,1
109,132,2
109,132,3
109,132,4
109,132,5
110,98,1
110,98,2
110,98,3
110,98,4
110,98,5
110,99,1
110,99,2
110,99,3
110,99,4
110,99,5
111,12,1
111,12,2
111,12,3
111,12,4
111,12,5
111,13,1
111,13,2
111,13,3
111,13,4
111,13,5
112,177,1
112,177,2
112,177,3
112,177,4
112,177,5
112,178,1
112,178,2
112,178,3
112,178,4
112,178,5
113,62,1
113,62,2
113,62,3
113,62,4
113,62,5
113,63,1
113,63,2
113,63,3
113,63,4
113,63,5
114,121,1
114,121,2
114,121,3
114,121,4
114,121,5
114,122,1
114,122,2
114,122,3
114,122,4
114,122,5
115,103,1
115,103,2
115,103,3
115,103,4
115,103,5
115,104,1
115,104,2
115,104,3
115,104,4
115,104,5
116,186,1
116,186,2
116,186,3
116,186,4
116,186,5
116,187,1
116,187,2
116,187,3
116,187,4
116,187,5
117,50,1
117,50,2
117,50,3
117,50,4
117,50,5
117,51,1
117,51,2
117,51,3
117,51,4
117,51,5
118,114,1
118,114,2
118,114,3
118,114,4
118,114,5
118,115,1
118,115,2
118,115,3
118,115,4
118,115,5
119,119,1
119,119,2
119,119,3
119,119,4
119,119,5
119,120,1
119,120,2
119,120,3
119,120,4
119,120,5
120,116,1
120,116,2
120,116,3
120,116,4
120,116,5
120,117,1
120,117,2
120,117,3
120,117,4
120,117,5
121,76,1
121,76,2
121,76,3
121,76,4
121,76,5
121,77,1
121,77,2
121,77,3
121,77,4
121,77,5
122,134,1
122,134,2
122,134,3
122,134,4
122,134,5
122,135,1
122,135,2
122,135,3
122,135,4
122,135,5
123,184,1
123,184,2
123,184,3
123,184,4
123,184,5
123,185,1
123,185,2
123,185,3
123,185,4
123,185,5
124,194,1
124,194,2
124,194,3
124,194,4
124,194,5
124,195,1
124,195,2
124,195,3
124,195,4
124,195,5
125,141,1
125,141,2
125,141,3
125,141,4
125,141,5
125,142,1
125,142,2
125,142,3
125,142,4
125,142,5
126,147,1
126,147,2
126,147,3
126,147,4
126,147,5
126,148,1
126,148,2
126,148,3
126,148,4
126,148,5
127,81,1
127,81,2
127,81,3
127,81,4
127,81,5
127,82,1
127,82,2
127,82,3
127,82,4
127,82,5
128,67,1
128,67,2
128,67,3
128,67,4
128,67,5
128,68,1
128,68,2
128,68,3
128,68,4
128,68,5
129,136,1
129,136,2
129,136,3
129,136,4
129,136,5
129,137,1
129,137,2
129,137,3
129,137,4
129,137,5
130,171,1
130,171,2
130,171,3
130,171,4
130,171,5
130,172,1
130,172,2
130,172,3
130,172,4
130,172,5
131,33,1
131,33,2
131,33,3
131,33,4
131,33,5
131,34,1
131,34,2
131,34,3
131,34,4
131,34,5
132,80,1
132,80,2
132,80,3
132,80,4
132,80,5
132,81,1
132,81,2
132,81,3
132,81,4
132,81,5
133,147,1
133,147,2
133,147,3
133,147,4
133,147,5
133,148,1
133,148,2
133,148,3
133,148,4
133,148,5
134,45,1
134,45,2
134,45,3
134,45,4
134,45,5
134,46,1
134,46,2
134,46,3
134,46,4
134,46,5
135,164,1
135,164,2
135,164,3
135,164,4
135,164,5
135,165,1
135,165,2
135,165,3
135,165,4
135,165,5
136,170,1
136,170,2
136,170,3
136,170,4
136,170,5
136,171,1
136,171,2
136,171,3
136,171,4
136,171,5
137,19,1
137,19,2
137,19,3
137,19,4
137,19,5
137,20,1
137,20,2
137,20,3
137,20,4
137,20,5
138,5,1
138,5,2
138,5,3
138,5,4
138,5,5
138,6,1
138,6,2
138,6,3
138,6,4
138,6,5
139,18,1
139,18,2
139,18,3
139,18,4
139,18,5
139,19,1
139,19,2
139,19,3
139,19,4
139,19,5
140,148,1
140,148,2
140,148,3
140,148,4
140,148,5
140,149,1
140,149,2
140,149,3
140,149,4
140,149,5
141,99,1
141,99,2
141,99,3
141,99,4
141,99,5
141,100,1
141,100,2
141,100,3
141,100,4
141,100,5
142,179,1
142,179,2
142,179,3
142,179,4
142,179,5
142,180,1
142,180,2
142,180,3
142,180,4
142,180,5
143,98,1
143,98,2
143,98,3
143,98,4
143,98,5
143,99,1
143,99,2
143,99,3
143,99,4
143,99,5
144,88,1
144,88,2
144,88,3
144,88,4
144,88,5
144,89,1
144,89,2
144,89,3
144,89,4
144,89,5
145,61,1
145,61,2
145,61,3
145,61,4
145,61,5
145,62,1
145,62,2
145,62,3
145,62,4
145,62,5
146,139,1
146,139,2
146,139,3
146,139,4
146,139,5
146,140,1
146,140,2
146,140,3
146,140,4
146,140,5
147,18,1
147,18,2
147,18,3
147,18,4
147,18,5
147,19,1
147,19,2
147,19,3
147,19,4
147,19,5
148,134,1
148,134,2
148,134,3
148,134,4
148,134,5
148,135,1
148,135,2
148,135,3
148,135,4
148,135,5
149,187,1
149,187,2
149,187,3
149,187,4
149,187,5
149,188,1
149,188,2
149,188,3
149,188,4
149,188,5
150,154,1
150,154,2
150,154,3
150,154,4
150,154,5
150,155,1
150,155,2
150,155,3
150,155,4
150,155,5
151,115,1
151,115,2
151,115,3
151,115,4
151,115,5
151,116,1
151,116,2
151,116,3
151,116,4
151,116,5
152,2,1
152,2,2
152,2,3
152,2,4
152,2,5
152,3,1
152,3,2
152,3,3
152,3,4
152,3,5
153,126,1
153,126,2
153,126,3
153,126,4
153,126,5
153,127,1
153,127,2
153,127,3
153,127,4
153,127,5
154,69,1
154,69,2
154,69,3
154,69,4
154,69,5
154,70,1
154,70,2
154,70,3
154,70,4
154,70,5
155,95,1
155,95,2
155,95,3
155,95,4
155,95,5
155,96,1
155,96,2
155,96,3
155,96,4
155,96,5
156,192,1
156,192,2
156,192,3
156,192,4
156,192,5
156,193,1
156,193,2
156,193,3
156,193,4
156,193,5
157,136,1
157,136,2
157,136,3
157,136,4
157,136,5
157,137,1
157,137,2
157,137,3
157,137,4
157,137,5
158,159,1
158,159,2
158,159,3
158,159,4
158,159,5
158,160,1
158,160,2
158,160,3
158,160,4
158,160,5
159,114,1
159,114,2
159,114,3
159,114,4
159,114,5
159,115,1
159,115,2
159,115,3
159,115,4
159,115,5
160,140,1
160,140,2
160,140,3
160,140,4
160,140,5
160,141,1
160,141,2
160,141,3
160,141,4
160,141,5
161,34,1
161,34,2
161,34,3
161,34,4
161,34,5
161,35,1
161,35,2
161,35,3
161,35,4
161,35,5
162,1,1
162,1,2
162,1,3
162,1,4
162,1,5
162,2,1
162,2,2
162,2,3
162,2,4
162,2,5
163,182,1
163,182,2
163,182,3
163,182,4
163,182,5
163,183,1
163,183,2
163,183,3
163,183,4
163,183,5
164,108,1
164,108,2
164,108,3
164,108,4
164,108,5
164,109,1
164,109,2
164,109,3
164,109,4
164,109,5
165,55,1
165,55,2
165,55,3
165,55,4
165,55,5
165,56,1
165,56,2
165,56,3
165,56,4
165,56,5
166,69,1
166,69,2
166,69,3
166,69,4
166,69,5
166,70,1
166,70,2
166,70,3
166,70,4
166,70,5
167,47,1
167,47,2
167,47,3
167,47,4
167,47,5
167,48,1
167,48,2
167,48,3
167,48,4
167,48,5
168,154,1
168,154,2
168,154,3
168,154,4
168,154,5
168,155,1
168,155,2
168,155,3
168,155,4
168,155,5
169,193,1
169,193,2
169,193,3
169,193,4
169,193,5
169,194,1
169,194,2
169,194,3
169,194,4
169,194,5
170,124,1
170,124,2
170,124,3
170,124,4
170,124,5
170,125,1
170,125,2
170,125,3
170,125,4
170,125,5
171,78,1
171,78,2
171,78,3
171,78,4
171,78,5
171,79,1
171,79,2
171,79,3
171,79,4
171,79,5
172,104,1
172,104,2
172,104,3
172,104,4
172,104,5
172,105,1
172,105,2
172,105,3
172,105,4
172,105,5
173,35,1
173,35,2
173,35,3
173,35,4
173,35,5
173,36,1
173,36,2
173,36,3
173,36,4
173,36,5
174,76,1
174,76,2
174,76,3
174,76,4
174,76,5
174,77,1
174,77,2
174,77,3
174,77,4
174,77,5
175,122,1
175,122,2
175,122,3
175,122,4
175,122,5
175,123,1
175,123,2
175,123,3
175,123,4
175,123,5
176,11,1
176,11,2
176,11,3
176,11,4
176,11,5
176,12,1
176,12,2
176,12,3
176,12,4
176,12,5
177,130,1
177,130,2
177,130,3
177,130,4
177,130,5
177,131,1
177,131,2
177,131,3
177,131,4
177,131,5
178,142,1
178,142,2
178,142,3
178,142,4
178,142,5
178,143,1
178,143,2
178,143,3
178,143,4
178,143,5
179,24,1
179,24,2
179,24,3
179,24,4
179,24,5
179,25,1
179,25,2
179,25,3
179,25,4
179,25,5
180,188,1
180,188,2
180,188,3
180,188,4
180,188,5
180,189,1
180,189,2
180,189,3
180,189,4
180,189,5
181,56,1
181,56,2
181,56,3
181,56,4
181,56,5
181,57,1
181,57,2
181,57,3
181,57,4
181,57,5
182,30,1
182,30,2
182,30,3
182,30,4
182,30,5
182,31,1
182,31,2
182,31,3
182,31,4
182,31,5
183,81,1
183,81,2
183,81,3
183,81,4
183,81,5
183,82,1
183,82,2
183,82,3
183,82,4
183,82,5
184,6,1
184,6,2
184,6,3
184,6,4
184,6,5
184,7,1
184,7,2
184,7,3
184,7,4
184,7,5
185,17,1
185,17,2
185,17,3
185,17,4
185,17,5
185,18,1
185,18,2
185,18,3
185,18,4
185,18,5
186,160,1
186,160,2
186,160,3
186,160,4
186,160,5
186,161,1
186,161,2
186,161,3
186,161,4
186,161,5
187,29,1
187,29,2
187,29,3
187,29,4
187,29,5
187,30,1
187,30,2
187,30,3
187,30,4
187,30,5
188,175,1
188,175,2
188,175,3
188,175,4
188,175,5
188,176,1
188,176,2
188,176,3
188,176,4
188,176,5
189,109,1
189,109,2
189,109,3
189,109,4
189,109,5
189,110,1
189,110,2
189,110,3
189,110,4
189,110,5
190,9,1
190,9,2
190,9,3
190,9,4
190,9,5
190,10,1
190,10,2
190,10,3
190,10,4
190,10,5
191,141,1
191,141,2
191,141,3
191,141,4
191,141,5
191,142,1
191,142,2
191,142,3
191,142,4
191,142,5
192,134,1
192,134,2
192,134,3
192,134,4
192,134,5
192,135,1
192,135,2
192,135,3
192,135,4
192,135,5
193,46,1
193,46,2
193,46,3
193,46,4
193,46,5
193,47,1
193,47,2
193,47,3
193,47,4
193,47,5
194,3,1
194,3,2
194,3,3
194,3,4
194,3,5
194,4,1
194,4,2
194,4,3
194,4,4
194,4,5
195,118,1
195,118,2
195,118,3
195,118,4
195,118,5
195,119,1
195,119,2
195,119,3
195,119,4
195,119,5
196,23,1
196,23,2
196,23,3
196,23,4
196,23,5
196,24,1
196,24,2
196,24,3
196,24,4
196,24,5
197,21,1
197,21,2
197,21,3
197,21,4
197,21,5
197,22,1
197,22,2
197,22,3
197,22,4
197,22,5
198,192,1
198,192,2
198,192,3
198,192,4
198,192,5
198,193,1
198,193,2
198,193,3
198,193,4
198,193,5
199,13,1
199,13,2
199,13,3
199,13,4
199,13,5
199,14,1
199,14,2
199,14,3
199,14,4
199,14,5
200,27,1
200,27,2
200,27,3
200,27,4
200,27,5
200,28,1
200,28,2
200,28,3
200,28,4
200,28,5
201,158,1
201,158,2
201,158,3
201,158,4
201,158,5
201,159,1
201,159,2
201,159,3
201,159,4
201,159,5
202,6,1
202,6,2
202,6,3
202,6,4
202,6,5
202,7,1
202,7,2
202,7,3
202,7,4
202,7,5
203,33,1
203,33,2
203,33,3
203,33,4
203,33,5
203,34,1
203,34,2
203,34,3
203,34,4
203,34,5
204,73,1
204,73,2
204,73,3
204,73,4
204,73,5
204,74,1
204,74,2
204,74,3
204,74,4
204,74,5
205,12,1
205,12,2
205,12,3
205,12,4
205,12,5
205,13,1
205,13,2
205,13,3
205,13,4
205,13,5
206,171,1
206,171,2
206,171,3
206,171,4
206,171,5
206,172,1
206,172,2
206,172,3
206,172,4
206,172,5
207,134,1
207,134,2
207,134,3
207,134,4
207,134,5
207,135,1
207,135,2
207,135,3
207,135,4
207,135,5
208,119,1
208,119,2
208,119,3
208,119,4
208,119,5
208,120,1
208,120,2
208,120,3
208,120,4
208,120,5
209,158,1
209,158,2
209,158,3
209,158,4
209,158,5
209,159,1
209,159,2
209,159,3
209,159,4
209,159,5
210,180,1
210,180,2
210,180,3
210,180,4
210,180,5
210,181,1
210,181,2
210,181,3
210,181,4
210,181,5
211,92,1
211,92,2
211,92,3
211,92,4
211,92,5
211,93,1
211,93,2
211,93,3
211,93,4
211,93,5
212,46,1
212,46,2
212,46,3
212,46,4
212,46,5
212,47,1
212,47,2
212,47,3
212,47,4
212,47,5
213,127,1
213,127,2
213,127,3
213,127,4
213,127,5
213,128,1
213,128,2
213,128,3
213,128,4
213,128,5
214,64,1
214,64,2
214,64,3
214,64,4
214,64,5
214,65,1
214,65,2
214,65,3
214,65,4
214,65,5
215,167,1
215,167,2
215,167,3
215,167,4
215,167,5
215,168,1
215,168,2
215,168,3
215,168,4
215,168,5
216,13,1
216,13,2
216,13,3
216,13,4
216,13,5
216,14,1
216,14,2
216,14,3
216,14,4
216,14,5
217,149,1
217,149,2
217,149,3
217,149,4
217,149,5
217,150,1
217,150,2
217,150,3
217,150,4
217,150,5
218,62,1
218,62,2
218,62,3
218,62,4
218,62,5
218,63,1
218,63,2
218,63,3
218,63,4
218,63,5
219,165,1
219,165,2
219,165,3
219,165,4
219,165,5
219,166,1
219,166,2
219,166,3
219,166,4
219,166,5
220,181,1
220,181,2
220,181,3
220,181,4
220,181,5
220,182,1
220,182,2
220,182,3
220,182,4
220,182,5
221,84,1
221,84,2
221,84,3
221,84,4
221,84,5
221,85,1
221,85,2
221,85,3
221,85,4
221,85,5
222,47,1
222,47,2
222,47,3
222,47,4
222,47,5
222,48,1
222,48,2
222,48,3
222,48,4
222,48,5
223,12,1
223,12,2
223,12,3
223,12,4
223,12,5
223,13,1
223,13,2
223,13,3
223,13,4
223,13,5
224,117,1
224,117,2
224,117,3
224,117,4
224,117,5
224,118,1
224,118,2
224,118,3
224,118,4
224,118,5
225,34,1
225,34,2
225,34,3
225,34,4
225,34,5
225,35,1
225,35,2
225,35,3
225,35,4
225,35,5
226,52,1
226,52,2
226,52,3
226,52,4
226,52,5
226,53,1
226,53,2
226,53,3
226,53,4
226,53,5
227,55,1
227,55,2
227,55,3
227,55,4
227,55,5
227,56,1
227,56,2
227,56,3
227,56,4
227,56,5
228,72,1
228,72,2
228,72,3
228,72,4
228,72,5
228,73,1
228,73,2
228,73,3
228,73,4
228,73,5
229,90,1
229,90,2
229,90,3
229,90,4
229,90,5
229,91,1
229,91,2
229,91,3
229,91,4
229,91,5
230,148,1
230,148,2
230,148,3
230,148,4
230,148,5
230,149,1
230,149,2
230,149,3
230,149,4
230,149,5
231,36,1
231,36,2
231,36,3
231,36,4
231,36,5
231,37,1
231,37,2
231,37,3
231,37,4
231,37,5
232,70,1
232,70,2
232,70,3
232,70,4
232,70,5
232,71,1
232,71,2
232,71,3
232,71,4
232,71,5
233,68,1
233,68,2
233,68,3
233,68,4
233,68,5
233,69,1
233,69,2
233,69,3
233,69,4
233,69,5
234,87,1
234,87,2
234,87,3
234,87,4
234,87,5
234,88,1
234,88,2
234,88,3
234,88,4
234,88,5
235,142,1
235,142,2
235,142,3
235,142,4
235,142,5
235,143,1
235,143,2
235,143,3
235,143,4
235,143,5
236,30,1
236,30,2
236,30,3
236,30,4
236,30,5
236,31,1
236,31,2
236,31,3
236,31,4
236,31,5
237,194,1
237,194,2
237,194,3
237,194,4
237,194,5
237,195,1
237,195,2
237,195,3
237,195,4
237,195,5
238,122,1
238,122,2
238,122,3
238,122,4
238,122,5
238,123,1
238,123,2
238,123,3
238,123,4
238,123,5
239,62,1
239,62,2
239,62,3
239,62,4
239,62,5
239,63,1
239,63,2
239,63,3
239,63,4
239,63,5
240,85,1
240,85,2
240,85,3
240,85,4
240,85,5
240,86,1
240,86,2
240,86,3
240,86,4
240,86,5
241,146,1
241,146,2
241,146,3
241,146,4
241,146,5
241,147,1
241,147,2
241,147,3
241,147,4
241,147,5
242,107,1
242,107,2
242,107,3
242,107,4
242,107,5
242,108,1
242,108,2
242,108,3
242,108,4
242,108,5
243,133,1
243,133,2
243,133,3
243,133,4
243,133,5
243,134,1
243,134,2
243,134,3
243,134,4
243,134,5
244,87,1
244,87,2
244,87,3
244,87,4
244,87,5
244,88,1
244,88,2
244,88,3
244,88,4
244,88,5
245,171,1
245,171,2
245,171,3
245,171,4
245,171,5
245,172,1
245,172,2
245,172,3
245,172,4
245,172,5
246,66,1
246,66,2
246,66,3
246,66,4
246,66,5
246,67,1
246,67,2
246,67,3
246,67,4
246,67,5
247,134,1
247,134,2
247,134,3
247,134,4
247,134,5
247,135,1
247,135,2
247,135,3
247,135,4
247,135,5
248,62,1
248,62,2
248,62,3
248,62,4
248,62,5
248,63,1
248,63,2
248,63,3
248,63,4
248,63,5
249,187,1
249,187,2
249,187,3
249,187,4
249,187,5
249,188,1
249,188,2
249,188,3
249,188,4
249,188,5
250,188,1
250,188,2
250,188,3
250,188,4
250,188,5
250,189,1
250,189,2
250,189,3
250,189,4
250,189,5
251,41,1
251,41,2
251,41,3
251,41,4
251,41,5
251,42,1
251,42,2
251,42,3
251,42,4
251,42,5
252,142,1
252,142,2
252,142,3
252,142,4
252,142,5
252,143,1
252,143,2
252,143,3
252,143,4
252,143,5
253,143,1
253,143,2
253,143,3
253,143,4
253,143,5
253,144,1
253,144,2
253,144,3
253,144,4
253,144,5
254,81,1
254,81,2
254,81,3
254,81,4
254,81,5
254,82,1
254,82,2
254,82,3
254,82,4
254,82,5
255,87,1
255,87,2
255,87,3
255,87,4
255,87,5
255,88,1
255,88,2
255,88,3
255,88,4
255,88,5
256,46,1
256,46,2
256,46,3
256,46,4
256,46,5
256,47,1
256,47,2
256,47,3
256,47,4
256,47,5
257,116,1
257,116,2
257,116,3
257,116,4
257,116,5
257,117,1
257,117,2
257,117,3
257,117,4
257,117,5
258,80,1
258,80,2
258,80,3
258,80,4
258,80,5
258,81,1
258,81,2
258,81,3
258,81,4
258,81,5
259,116,1
259,116,2
259,116,3
259,116,4
259,116,5
259,117,1
259,117,2
259,117,3
259,117,4
259,117,5
260,62,1
260,62,2
260,62,3
260,62,4
260,62,5
260,63,1
260,63,2
260,63,3
260,63,4
260,63,5
261,189,1
261,189,2
261,189,3
261,189,4
261,189,5
261,190,1
261,190,2
261,190,3
261,190,4
261,190,5
262,63,1
262,63,2
262,63,3
262,63,4
262,63,5
262,64,1
262,64,2
262,64,3
262,64,4
262,64,5
263,184,1
263,184,2
263,184,3
263,184,4
263,184,5
263,185,1
263,185,2
263,185,3
263,185,4
263,185,5
264,58,1
264,58,2
264,58,3
264,58,4
264,58,5
264,59,1
264,59,2
264,59,3
264,59,4
264,59,5
265,104,1
265,104,2
265,104,3
265,104,4
265,104,5
265,105,1
265,105,2
265,105,3
265,105,4
265,105,5
266,174,1
266,174,2
266,174,3
266,174,4
266,174,5
266,175,1
266,175,2
266,175,3
266,175,4
266,175,5
267,39,1
267,39,2
267,39,3
267,39,4
267,39,5
267,40,1
267,40,2
267,40,3
267,40,4
267,40,5
268,166,1
268,166,2
268,166,3
268,166,4
268,166,5
268,167,1
268,167,2
268,167,3
268,167,4
268,167,5
269,20,1
269,20,2
269,20,3
269,20,4
269,20,5
269,21,1
269,21,2
269,21,3
269,21,4
269,21,5
270,10,1
270,10,2
270,10,3
270,10,4
270,10,5
270,11,1
270,11,2
270,11,3
270,11,4
270,11,5
271,40,1
271,40,2
271,40,3
271,40,4
271,40,5
271,41,1
271,41,2
271,41,3
271,41,4
271,41,5
272,93,1
272,93,2
272,93,3
272,93,4
272,93,5
272,94,1
272,94,2
272,94,3
272,94,4
272,94,5
273,172,1
273,172,2
273,172,3
273,172,4
273,172,5
273,173,1
273,173,2
273,173,3
273,173,4
273,173,5
274,7,1
274,7,2
274,7,3
274,7,4
274,7,5
274,8,1
274,8,2
274,8,3
274,8,4
274,8,5
275,190,1
275,190,2
275,190,3
275,190,4
275,190,5
275,191,1
275,191,2
275,191,3
275,191,4
275,191,5
276,170,1
276,170,2
276,170,3
276,170,4
276,170,5
276,171,1
276,171,2
276,171,3
276,171,4
276,171,5
277,122,1
277,122,2
277,122,3
277,122,4
277,122,5
277,123,1
277,123,2
277,123,3
277,123,4
277,123,5
278,6,1
278,6,2
278,6,3
278,6,4
278,6,5
278,7,1
278,7,2
278,7,3
278,7,4
278,7,5
279,5,1
279,5,2
279,5,3
279,5,4
279,5,5
279,6,1
279,6,2
279,6,3
279,6,4
279,6,5
280,143,1
280,143,2
280,143,3
280,143,4
280,143,5
280,144,1
280,144,2
280,144,3
280,144,4
280,144,5
281,76,1
281,76,2
281,76,3
281,76,4
281,76,5
281,77,1
281,77,2
281,77,3
281,77,4
281,77,5
282,35,1
282,35,2
282,35,3
282,35,4
282,35,5
282,36,1
282,36,2
282,36,3
282,36,4
282,36,5
283,69,1
283,69,2
283,69,3
283,69,4
283,69,5
283,70,1
283,70,2
283,70,3
283,70,4
283,70,5
284,5,1
284,5,2
284,5,3
284,5,4
284,5,5
284,6,1
284,6,2
284,6,3
284,6,4
284,6,5
285,169,1
285,169,2
285,169,3
285,169,4
285,169,5
285,170,1
285,170,2
285,170,3
285,170,4
285,170,5
286,141,1
286,141,2
286,141,3
286,141,4
286,141,5
286,142,1
286,142,2
286,142,3
286,142,4
286,142,5
287,59,1
287,59,2
287,59,3
287,59,4
287,59,5
287,60,1
287,60,2
287,60,3
287,60,4
287,60,5
288,22,1
288,22,2
288,22,3
288,22,4
288,22,5
288,23,1
288,23,2
288,23,3
288,23,4
288,23,5
289,114,1
289,114,2
289,114,3
289,114,4
289,114,5
289,115,1
289,115,2
289,115,3
289,115,4
289,115,5
290,55,1
290,55,2
290,55,3
290,55,4
290,55,5
290,56,1
290,56,2
290,56,3
290,56,4
290,56,5
291,73,1
291,73,2
291,73,3
291,73,4
291,73,5
291,74,1
291,74,2
291,74,3
291,74,4
291,74,5
292,144,1
292,144,2
292,144,3
292,144,4
292,144,5
292,145,1
292,145,2
292,145,3
292,145,4
292,145,5
293,193,1
293,193,2
293,193,3
293,193,4
293,193,5
293,194,1
293,194,2
293,194,3
293,194,4
293,194,5
294,167,1
294,167,2
294,167,3
294,167,4
294,167,5
294,168,1
294,168,2
294,168,3
294,168,4
294,168,5
295,94,1
295,94,2
295,94,3
295,94,4
295,94,5
295,95,1
295,95,2
295,95,3
295,95,4
295,95,5
296,120,1
296,120,2
296,120,3
296,120,4
296,120,5
296,121,1
296,121,2
296,121,3
296,121,4
296,121,5
297,60,1
297,60,2
297,60,3
297,60,4
297,60,5
297,61,1
297,61,2
297,61,3
297,61,4
297,61,5
298,20,1
298,20,2
298,20,3
298,20,4
298,20,5
298,21,1
298,21,2
298,21,3
298,21,4
298,21,5
299,185,1
299,185,2
299,185,3
299,185,4
299,185,5
299,186,1
299,186,2
299,186,3
299,186,4
299,186,5
300,112,1
300,112,2
300,112,3
300,112,4
300,112,5
300,113,1
300,113,2
300,113,3
300,113,4
300,113,5
301,161,1
301,161,2
301,161,3
301,161,4
301,161,5
301,162,1
301,162,2
301,162,3
301,162,4
301,162,5
302,149,1
302,149,2
302,149,3
302,149,4
302,149,5
302,150,1
302,150,2
302,150,3
302,150,4
302,150,5
303,47,1
303,47,2
303,47,3
303,47,4
303,47,5
303,48,1
303,48,2
303,48,3
303,48,4
303,48,5
304,52,1
304,52,2
304,52,3
304,52,4
304,52,5
304,53,1
304,53,2
304,53,3
304,53,4
304,53,5
305,116,1
305,116,2
305,116,3
305,116,4
305,116,5
305,117,1
305,117,2
305,117,3
305,117,4
305,117,5
306,145,1
306,145,2
306,145,3
306,145,4
306,145,5
306,146,1
306,146,2
306,146,3
306,146,4
306,146,5
307,43,1
307,43,2
307,43,3
307,43,4
307,43,5
307,44,1
307,44,2
307,44,3
307,44,4
307,44,5
308,36,1
308,36,2
308,36,3
308,36,4
308,36,5
308,37,1
308,37,2
308,37,3
308,37,4
308,37,5
309,97,1
309,97,2
309,97,3
309,97,4
309,97,5
309,98,1
309,98,2
309,98,3
309,98,4
309,98,5
310,187,1
310,187,2
310,187,3
310,187,4
310,187,5
310,188,1
310,188,2
310,188,3
310,188,4
310,188,5
311,165,1
311,165,2
311,165,3
311,165,4
311,165,5
311,166,1
311,166,2
311,166,3
311,166,4
311,166,5
312,105,1
312,105,2
312,105,3
312,105,4
312,105,5
312,106,1
312,106,2
312,106,3
312,106,4
312,106,5
313,13,1
313,13,2
313,13,3
313,13,4
313,13,5
313,14,1
313,14,2
313,14,3
313,14,4
313,14,5
314,135,1
314,135,2
314,135,3
314,135,4
314,135,5
314,136,1
314,136,2
314,136,3
314,136,4
314,136,5
315,190,1
315,190,2
315,190,3
315,190,4
315,190,5
315,191,1
315,191,2
315,191,3
315,191,4
315,191,5
316,21,1
316,21,2
316,21,3
316,21,4
316,21,5
316,22,1
316,22,2
316,22,3
316,22,4
316,22,5
317,159,1
317,159,2
317,159,3
317,159,4
317,159,5
317,160,1
317,160,2
317,160,3
317,160,4
317,160,5
318,63,1
318,63,2
318,63,3
318,63,4
318,63,5
318,64,1
318,64,2
318,64,3
318,64,4
318,64,5
319,22,1
319,22,2
319,22,3
319,22,4
319,22,5
319,23,1
319,23,2
319,23,3
319,23,4
319,23,5
320,45,1
320,45,2
320,45,3
320,45,4
320,45,5
320,46,1
320,46,2
320,46,3
320,46,4
320,46,5
321,11,1
321,11,2
321,11,3
321,11,4
321,11,5
321,12,1
321,12,2
321,12,3
321,12,4
321,12,5
322,40,1
322,40,2
322,40,3
322,40,4
322,40,5
322,41,1
322,41,2
322,41,3
322,41,4
322,41,5
323,17,1
323,17,2
323,17,3
323,17,4
323,17,5
323,18,1
323,18,2
323,18,3
323,18,4
323,18,5
324,46,1
324,46,2
324,46,3
324,46,4
324,46,5
324,47,1
324,47,2
324,47,3
324,47,4
324,47,5
325,156,1
325,156,2
325,156,3
325,156,4
325,156,5
325,157,1
325,157,2
325,157,3
325,157,4
325,157,5
326,24,1
326,24,2
326,24,3
326,24,4
326,24,5
326,25,1
326,25,2
326,25,3
326,25,4
326,25,5
327,24,1
327,24,2
327,24,3
327,24,4
327,24,5
327,25,1
327,25,2
327,25,3
327,25,4
327,25,5
328,186,1
328,186,2
328,186,3
328,186,4
328,186,5
328,187,1
328,187,2
328,187,3
328,187,4
328,187,5
329,74,1
329,74,2
329,74,3
329,74,4
329,74,5
329,75,1
329,75,2
329,75,3
329,75,4
329,75,5
330,167,1
330,167,2
330,167,3
330,167,4
330,167,5
330,168,1
330,168,2
330,168,3
330,168,4
330,168,5
331,132,1
331,132,2
331,132,3
331,132,4
331,132,5
331,133,1
331,133,2
331,133,3
331,133,4
331,133,5
332,114,1
332,114,2
332,114,3
332,114,4
332,114,5
332,115,1
332,115,2
332,115,3
332,115,4
332,115,5
333,85,1
333,85,2
333,85,3
333,85,4
333,85,5
333,86,1
333,86,2
333,86,3
333,86,4
333,86,5
334,165,1
334,165,2
334,165,3
334,165,4
334,165,5
334,166,1
334,166,2
334,166,3
334,166,4
334,166,5
335,34,1
335,34,2
335,34,3
335,34,4
335,34,5
335,35,1
335,35,2
335,35,3
335,35,4
335,35,5
336,90,1
336,90,2
336,90,3
336,90,4
336,90,5
336,91,1
336,91,2
336,91,3
336,91,4
336,91,5
337,104,1
337,104,2
337,104,3
337,104,4
337,104,5
337,105,1
337,105,2
337,105,3
337,105,4
337,105,5
338,118,1
338,118,2
338,118,3
338,118,4
338,118,5
338,119,1
338,119,2
338,119,3
338,119,4
338,119,5
339,75,1
339,75,2
339,75,3
339,75,4
339,75,5
339,76,1
339,76,2
339,76,3
339,76,4
339,76,5
340,190,1
340,190,2
340,190,3
340,190,4
340,190,5
340,191,1
340,191,2
340,191,3
340,191,4
340,191,5
341,173,1
341,173,2
341,173,3
341,173,4
341,173,5
341,174,1
341,174,2
341,174,3
341,174,4
341,174,5
342,23,1
342,23,2
342,23,3
342,23,4
342,23,5
342,24,1
342,24,2
342,24,3
342,24,4
342,24,5
343,150,1
343,150,2
343,150,3
343,150,4
343,150,5
343,151,1
343,151,2
343,151,3
343,151,4
343,151,5
344,149,1
344,149,2
344,149,3
344,149,4
344,149,5
344,150,1
344,150,2
344,150,3
344,150,4
344,150,5
345,133,1
345,133,2
345,133,3
345,133,4
345,133,5
345,134,1
345,134,2
345,134,3
345,134,4
345,134,5
346,123,1
346,123,2
346,123,3
346,123,4
346,123,5
346,124,1
346,124,2
346,124,3
346,124,4
346,124,5
347,173,1
347,173,2
347,173,3
347,173,4
347,173,5
347,174,1
347,174,2
347,174,3
347,174,4
347,174,5
348,55,1
348,55,2
348,55,3
348,55,4
348,55,5
348,56,1
348,56,2
348,56,3
348,56,4
348,56,5
349,85,1
349,85,2
349,85,3
349,85,4
349,85,5
349,86,1
349,86,2
349,86,3
349,86,4
349,86,5
350,119,1
350,119,2
350,119,3
350,119,4
350,119,5
350,120,1
350,120,2
350,120,3
350,120,4
350,120,5
351,188,1
351,188,2
351,188,3
351,188,4
351,188,5
351,189,1
351,189,2
351,189,3
351,189,4
351,189,5
352,69,1
352,69,2
352,69,3
352,69,4
352,69,5
352,70,1
352,70,2
352,70,3
352,70,4
352,70,5
353,2,1
353,2,2
353,2,3
353,2,4
353,2,5
353,3,1
353,3,2
353,3,3
353,3,4
353,3,5
354,57,1
354,57,2
354,57,3
354,57,4
354,57,5
354,58,1
354,58,2
354,58,3
354,58,4
354,58,5
355,7,1
355,7,2
355,7,3
355,7,4
355,7,5
355,8,1
355,8,2
355,8,3
355,8,4
355,8,5
356,82,1
356,82,2
356,82,3
356,82,4
356,82,5
356,83,1
356,83,2
356,83,3
356,83,4
356,83,5
357,119,1
357,119,2
357,119,3
357,119,4
357,119,5
357,120,1
357,120,2
357,120,3
357,120,4
357,120,5
358,24,1
358,24,2
358,24,3
358,24,4
358,24,5
358,25,1
358,25,2
358,25,3
358,25,4
358,25,5
359,100,1
359,100,2
359,100,3
359,100,4
359,100,5
359,101,1
359,101,2
359,101,3
359,101,4
359,101,5
360,171,1
360,171,2
360,171,3
360,171,4
360,171,5
360,172,1
360,172,2
360,172,3
360,172,4
360,172,5
361,175,1
361,175,2
361,175,3
361,175,4
361,175,5
361,176,1
361,176,2
361,176,3
361,176,4
361,176,5
362,171,1
362,171,2
362,171,3
362,171,4
362,171,5
362,172,1
362,172,2
362,172,3
362,172,4
362,172,5
363,118,1
363,118,2
363,118,3
363,118,4
363,118,5
363,119,1
363,119,2
363,119,3
363,119,4
363,119,5
364,76,1
364,76,2
364,76,3
364,76,4
364,76,5
364,77,1
364,77,2
364,77,3
364,77,4
364,77,5
365,196,1
365,196,2
365,196,3
365,196,4
365,196,5
365,197,1
365,197,2
365,197,3
365,197,4
365,197,5
366,67,1
366,67,2
366,67,3
366,67,4
366,67,5
366,68,1
366,68,2
366,68,3
366,68,4
366,68,5
367,50,1
367,50,2
367,50,3
367,50,4
367,50,5
367,51,1
367,51,2
367,51,3
367,51,4
367,51,5
368,24,1
368,24,2
368,24,3
368,24,4
368,24,5
368,25,1
368,25,2
368,25,3
368,25,4
368,25,5
369,193,1
369,193,2
369,193,3
369,193,4
369,193,5
369,194,1
369,194,2
369,194,3
369,194,4
369,194,5
370,155,1
370,155,2
370,155,3
370,155,4
370,155,5
370,156,1
370,156,2
370,156,3
370,156,4
370,156,5
371,52,1
371,52,2
371,52,3
371,52,4
371,52,5
371,53,1
371,53,2
371,53,3
371,53,4
371,53,5
372,34,1
372,34,2
372,34,3
372,34,4
372,34,5
372,35,1
372,35,2
372,35,3
372,35,4
372,35,5
373,87,1
373,87,2
373,87,3
373,87,4
373,87,5
373,88,1
373,88,2
373,88,3
373,88,4
373,88,5
374,66,1
374,66,2
374,66,3
374,66,4
374,66,5
374,67,1
374,67,2
374,67,3
374,67,4
374,67,5
375,110,1
375,110,2
375,110,3
375,110,4
375,110,5
375,111,1
375,111,2
375,111,3
375,111,4
375,111,5
376,28,1
376,28,2
376,28,3
376,28,4
376,28,5
376,29,1
376,29,2
376,29,3
376,29,4
376,29,5
377,150,1
377,150,2
377,150,3
377,150,4
377,150,5
377,151,1
377,151,2
377,151,3
377,151,4
377,151,5
378,94,1
378,94,2
378,94,3
378,94,4
378,94,5
378,95,1
378,95,2
378,95,3
378,95,4
378,95,5
379,62,1
379,62,2
379,62,3
379,62,4
379,62,5
379,63,1
379,63,2
379,63,3
379,63,4
379,63,5
380,159,1
380,159,2
380,159,3
380,159,4
380,159,5
380,160,1
380,160,2
380,160,3
380,160,4
380,160,5
381,155,1
381,155,2
381,155,3
381,155,4
381,155,5
381,156,1
381,156,2
381,156,3
381,156,4
381,156,5
382,146,1
382,146,2
382,146,3
382,146,4
382,146,5
382,147,1
382,147,2
382,147,3
382,147,4
382,147,5
383,148,1
383,148,2
383,148,3
383,148,4
383,148,5
383,149,1
383,149,2
383,149,3
383,149,4
383,149,5
384,153,1
384,153,2
384,153,3
384,153,4
384,153,5
384,154,1
384,154,2
384,154,3
384,154,4
384,154,5
385,138,1
385,138,2
385,138,3
385,138,4
385,138,5
385,139,1
385,139,2
385,139,3
385,139,4
385,139,5
386,19,1
386,19,2
386,19,3
386,19,4
386,19,5
386,20,1
386,20,2
386,20,3
386,20,4
386,20,5
387,127,1
387,127,2
387,127,3
387,127,4
387,127,5
387,128,1
387,128,2
387,128,3
387,128,4
387,128,5
388,125,1
388,125,2
388,125,3
388,125,4
388,125,5
388,126,1
388,126,2
388,126,3
388,126,4
388,126,5
389,149,1
389,149,2
389,149,3
389,149,4
389,149,5
389,150,1
389,150,2
389,150,3
389,150,4
389,150,5
390,10,1
390,10,2
390,10,3
390,10,4
390,10,5
390,11,1
390,11,2
390,11,3
390,11,4
390,11,5
391,143,1
391,143,2
391,143,3
391,143,4
391,143,5
391,144,1
391,144,2
391,144,3
391,144,4
391,144,5
392,109,1
392,109,2
392,109,3
392,109,4
392,109,5
392,110,1
392,110,2
392,110,3
392,110,4
392,110,5
393,47,1
393,47,2
393,47,3
393,47,4
393,47,5
393,48,1
393,48,2
393,48,3
393,48,4
393,48,5
394,27,1
394,27,2
394,27,3
394,27,4
394,27,5
394,28,1
394,28,2
394,28,3
394,28,4
394,28,5
395,168,1
395,168,2
395,168,3
395,168,4
395,168,5
395,169,1
395,169,2
395,169,3
395,169,4
395,169,5
396,60,1
396,60,2
396,60,3
396,60,4
396,60,5
396,61,1
396,61,2
396,61,3
396,61,4
396,61,5
397,173,1
397,173,2
397,173,3
397,173,4
397,173,5
397,174,1
397,174,2
397,174,3
397,174,4
397,174,5
398,74,1
398,74,2
398,74,3
398,74,4
398,74,5
398,75,1
398,75,2
398,75,3
398,75,4
398,75,5
399,103,1
399,103,2
399,103,3
399,103,4
399,103,5
399,104,1
399,104,2
399,104,3
399,104,4
399,104,5
400,155,1
400,155,2
400,155,3
400,155,4
400,155,5
400,156,1
400,156,2
400,156,3
400,156,4
400,156,5
401,8,1
401,8,2
401,8,3
401,8,4
401,8,5
401,9,1
401,9,2
401,9,3
401,9,4
401,9,5
402,159,1
402,159,2
402,159,3
402,159,4
402,159,5
402,160,1
402,160,2
402,160,3
402,160,4
402,160,5
403,191,1
403,191,2
403,191,3
403,191,4
403,191,5
403,192,1
403,192,2
403,192,3
403,192,4
403,192,5
404,163,1
404,163,2
404,163,3
404,163,4
404,163,5
404,164,1
404,164,2
404,164,3
404,164,4
404,164,5
405,9,1
405,9,2
405,9,3
405,9,4
405,9,5
405,10,1
405,10,2
405,10,3
405,10,4
405,10,5
406,61,1
406,61,2
406,61,3
406,61,4
406,61,5
406,62,1
406,62,2
406,62,3
406,62,4
406,62,5
407,73,1
407,73,2
407,73,3
407,73,4
407,73,5
407,74,1
407,74,2
407,74,3
407,74,4
407,74,5
408,138,1
408,138,2
408,138,3
408,138,4
408,138,5
408,139,1
408,139,2
408,139,3
408,139,4
408,139,5
409,51,1
409,51,2
409,51,3
409,51,4
409,51,5
409,52,1
409,52,2
409,52,3
409,52,4
409,52,5
410,109,1
410,109,2
410,109,3
410,109,4
410,109,5
410,110,1
410,110,2
410,110,3
410,110,4
410,110,5
411,199,1
411,199,2
411,199,3
411,199,4
411,199,5
411,200,1
411,200,2
411,200,3
411,200,4
411,200,5
412,13,1
412,13,2
412,13,3
412,13,4
412,13,5
412,14,1
412,14,2
412,14,3
412,14,4
412,14,5
413,70,1
413,70,2
413,70,3
413,70,4
413,70,5
413,71,1
413,71,2
413,71,3
413,71,4
413,71,5
414,154,1
414,154,2
414,154,3
414,154,4
414,154,5
414,155,1
414,155,2
414,155,3
414,155,4
414,155,5
415,50,1
415,50,2
415,50,3
415,50,4
415,50,5
415,51,1
415,51,2
415,51,3
415,51,4
415,51,5
416,154,1
416,154,2
416,154,3
416,154,4
416,154,5
416,155,1
416,155,2
416,155,3
416,155,4
416,155,5
417,136,1
417,136,2
417,136,3
417,136,4
417,136,5
417,137,1
417,137,2
417,137,3
417,137,4
417,137,5
418,115,1
418,115,2
418,115,3
418,115,4
418,115,5
418,116,1
418,116,2
418,116,3
418,116,4
418,116,5
419,27,1
419,27,2
419,27,3
419,27,4
419,27,5
419,28,1
419,28,2
419,28,3
419,28,4
419,28,5
420,108,1
420,108,2
420,108,3
420,108,4
420,108,5
420,109,1
420,109,2
420,109,3
420,109,4
420,109,5
421,73,1
421,73,2
421,73,3
421,73,4
421,73,5
421,74,1
421,74,2
421,74,3
421,74,4
421,74,5
422,47,1
422,47,2
422,47,3
422,47,4
422,47,5
422,48,1
422,48,2
422,48,3
422,48,4
422,48,5
423,133,1
423,133,2
423,133,3
423,133,4
423,133,5
423,134,1
423,134,2
423,134,3
423,134,4
423,134,5
424,122,1
424,122,2
424,122,3
424,122,4
424,122,5
424,123,1
424,123,2
424,123,3
424,123,4
424,123,5
425,119,1
425,119,2
425,119,3
425,119,4
425,119,5
425,120,1
425,120,2
425,120,3
425,120,4
425,120,5
426,112,1
426,112,2
426,112,3
426,112,4
426,112,5
426,113,1
426,113,2
426,113,3
426,113,4
426,113,5
427,74,1
427,74,2
427,74,3
427,74,4
427,74,5
427,75,1
427,75,2
427,75,3
427,75,4
427,75,5
428,117,1
428,117,2
428,117,3
428,117,4
428,117,5
428,118,1
428,118,2
428,118,3
428,118,4
428,118,5
429,37,1
429,37,2
429,37,3
429,37,4
429,37,5
429,38,1
429,38,2
429,38,3
429,38,4
429,38,5
430,80,1
430,80,2
430,80,3
430,80,4
430,80,5
430,81,1
430,81,2
430,81,3
430,81,4
430,81,5
431,34,1
431,34,2
431,34,3
431,34,4
431,34,5
431,35,1
431,35,2
431,35,3
431,35,4
431,35,5
432,74,1
432,74,2
432,74,3
432,74,4
432,74,5
432,75,1
432,75,2
432,75,3
432,75,4
432,75,5
433,55,1
433,55,2
433,55,3
433,55,4
433,55,5
433,56,1
433,56,2
433,56,3
433,56,4
433,56,5
434,127,1
434,127,2
434,127,3
434,127,4
434,127,5
434,128,1
434,128,2
434,128,3
434,128,4
434,128,5
435,142,1
435,142,2
435,142,3
435,142,4
435,142,5
435,143,1
435,143,2
435,143,3
435,143,4
435,143,5
436,124,1
436,124,2
436,124,3
436,124,4
436,124,5
436,125,1
436,125,2
436,125,3
436,125,4
436,125,5
437,171,1
437,171,2
437,171,3
437,171,4
437,171,5
437,172,1
437,172,2
437,172,3
437,172,4
437,172,5
438,184,1
438,184,2
438,184,3
438,184,4
438,184,5
438,185,1
438,185,2
438,185,3
438,185,4
438,185,5
439,21,1
439,21,2
439,21,3
439,21,4
439,21,5
439,22,1
439,22,2
439,22,3
439,22,4
439,22,5
440,65,1
440,65,2
440,65,3
440,65,4
440,65,5
440,66,1
440,66,2
440,66,3
440,66,4
440,66,5
441,70,1
441,70,2
441,70,3
441,70,4
441,70,5
441,71,1
441,71,2
441,71,3
441,71,4
441,71,5
442,161,1
442,161,2
442,161,3
442,161,4
442,161,5
442,162,1
442,162,2
442,162,3
442,162,4
442,162,5
443,23,1
443,23,2
443,23,3
443,23,4
443,23,5
443,24,1
443,24,2
443,24,3
443,24,4
443,24,5
444,108,1
444,108,2
444,108,3
444,108,4
444,108,5
444,109,1
444,109,2
444,109,3
444,109,4
444,109,5
445,192,1
445,192,2
445,192,3
445,192,4
445,192,5
445,193,1
445,193,2
445,193,3
445,193,4
445,193,5
446,166,1
446,166,2
446,166,3
446,166,4
446,166,5
446,167,1
446,167,2
446,167,3
446,167,4
446,167,5
447,78,1
447,78,2
447,78,3
447,78,4
447,78,5
447,79,1
447,79,2
447,79,3
447,79,4
447,79,5
448,11,1
448,11,2
448,11,3
448,11,4
448,11,5
448,12,1
448,12,2
448,12,3
448,12,4
448,12,5
449,5,1
449,5,2
449,5,3
449,5,4
449,5,5
449,6,1
449,6,2
449,6,3
449,6,4
449,6,5
450,123,1
450,123,2
450,123,3
450,123,4
450,123,5
450,124,1
450,124,2
450,124,3
450,124,4
450,124,5
451,164,1
451,164,2
451,164,3
451,164,4
451,164,5
451,165,1
451,165,2
451,165,3
451,165,4
451,165,5
452,63,1
452,63,2
452,63,3
452,63,4
452,63,5
452,64,1
452,64,2
452,64,3
452,64,4
452,64,5
453,32,1
453,32,2
453,32,3
453,32,4
453,32,5
453,33,1
453,33,2
453,33,3
453,33,4
453,33,5
454,12,1
454,12,2
454,12,3
454,12,4
454,12,5
454,13,1
454,13,2
454,13,3
454,13,4
454,13,5
455,68,1
455,68,2
455,68,3
455,68,4
455,68,5
455,69,1
455,69,2
455,69,3
455,69,4
455,69,5
456,84,1
456,84,2
456,84,3
456,84,4
456,84,5
456,85,1
456,85,2
456,85,3
456,85,4
456,85,5
457,137,1
457,137,2
457,137,3
457,137,4
457,137,5
457,138,1
457,138,2
457,138,3
457,138,4
457,138,5
458,98,1
458,98,2
458,98,3
458,98,4
458,98,5
458,99,1
458,99,2
458,99,3
458,99,4
458,99,5
459,42,1
459,42,2
459,42,3
459,42,4
459,42,5
459,43,1
459,43,2
459,43,3
459,43,4
459,43,5
460,167,1
460,167,2
460,167,3
460,167,4
460,167,5
460,168,1
460,168,2
460,168,3
460,168,4
460,168,5
461,110,1
461,110,2
461,110,3
461,110,4
461,110,5
461,111,1
461,111,2
461,111,3
461,111,4
461,111,5
462,61,1
462,61,2
462,61,3
462,61,4
462,61,5
462,62,1
462,62,2
462,62,3
462,62,4
462,62,5
463,4,1
463,4,2
463,4,3
463,4,4
463,4,5
463,5,1
463,5,2
463,5,3
463,5,4
463,5,5
464,94,1
464,94,2
464,94,3
464,94,4
464,94,5
464,95,1
464,95,2
464,95,3
464,95,4
464,95,5
465,41,1
465,41,2
465,41,3
465,41,4
465,41,5
465,42,1
465,42,2
465,42,3
465,42,4
465,42,5
466,124,1
466,124,2
466,124,3
466,124,4
466,124,5
466,125,1
466,125,2
466,125,3
466,125,4
466,125,5
467,122,1
467,122,2
467,122,3
467,122,4
467,122,5
467,123,1
467,123,2
467,123,3
467,123,4
467,123,5
468,53,1
468,53,2
468,53,3
468,53,4
468,53,5
468,54,1
468,54,2
468,54,3
468,54,4
468,54,5
469,124,1
469,124,2
469,124,3
469,124,4
469,124,5
469,125,1
469,125,2
469,125,3
469,125,4
469,125,5
470,82,1
470,82,2
470,82,3
470,82,4
470,82,5
470,83,1
470,83,2
470,83,3
470,83,4
470,83,5
471,88,1
471,88,2
471,88,3
471,88,4
471,88,5
471,89,1
471,89,2
471,89,3
471,89,4
471,89,5
472,110,1
472,110,2
472,110,3
472,110,4
472,110,5
472,111,1
472,111,2
472,111,3
472,111,4
472,111,5
473,41,1
473,41,2
473,41,3
473,41,4
473,41,5
473,42,1
473,42,2
473,42,3
473,42,4
473,42,5
474,138,1
474,138,2
474,138,3
474,138,4
474,138,5
474,139,1
474,139,2
474,139,3
474,139,4
474,139,5
475,131,1
475,131,2
475,131,3
475,131,4
475,131,5
475,132,1
475,132,2
475,132,3
475,132,4
475,132,5
476,190,1
476,190,2
476,190,3
476,190,4
476,190,5
476,191,1
476,191,2
476,191,3
476,191,4
476,191,5
477,75,1
477,75,2
477,75,3
477,75,4
477,75,5
477,76,1
477,76,2
477,76,3
477,76,4
477,76,5
478,20,1
478,20,2
478,20,3
478,20,4
478,20,5
478,21,1
478,21,2
478,21,3
478,21,4
478,21,5
479,98,1
479,98,2
479,98,3
479,98,4
479,98,5
479,99,1
479,99,2
479,99,3
479,99,4
479,99,5
480,59,1
480,59,2
480,59,3
480,59,4
480,59,5
480,60,1
480,60,2
480,60,3
480,60,4
480,60,5
481,139,1
481,139,2
481,139,3
481,139,4
481,139,5
481,140,1
481,140,2
481,140,3
481,140,4
481,140,5
482,121,1
482,121,2
482,121,3
482,121,4
482,121,5
482,122,1
482,122,2
482,122,3
482,122,4
482,122,5
483,136,1
483,136,2
483,136,3
483,136,4
483,136,5
483,137,1
483,137,2
483,137,3
483,137,4
483,137,5
484,5,1
484,5,2
484,5,3
484,5,4
484,5,5
484,6,1
484,6,2
484,6,3
484,6,4
484,6,5
485,99,1
485,99,2
485,99,3
485,99,4
485,99,5
485,100,1
485,100,2
485,100,3
485,100,4
485,100,5
486,150,1
486,150,2
486,150,3
486,150,4
486,150,5
486,151,1
486,151,2
486,151,3
486,151,4
486,151,5
487,188,1
487,188,2
487,188,3
487,188,4
487,188,5
487,189,1
487,189,2
487,189,3
487,189,4
487,189,5
488,19,1
488,19,2
488,19,3
488,19,4
488,19,5
488,20,1
488,20,2
488,20,3
488,20,4
488,20,5
489,75,1
489,75,2
489,75,3
489,75,4
489,75,5
489,76,1
489,76,2
489,76,3
489,76,4
489,76,5
490,145,1
490,145,2
490,145,3
490,145,4
490,145,5
490,146,1
490,146,2
490,146,3
490,146,4
490,146,5
491,103,1
491,103,2
491,103,3
491,103,4
491,103,5
491,104,1
491,104,2
491,104,3
491,104,4
491,104,5
492,58,1
492,58,2
492,58,3
492,58,4
492,58,5
492,59,1
492,59,2
492,59,3
492,59,4
492,59,5
493,79,1
493,79,2
493,79,3
493,79,4
493,79,5
493,80,1
493,80,2
493,80,3
493,80,4
493,80,5
494,88,1
494,88,2
494,88,3
494,88,4
494,88,5
494,89,1
494,89,2
494,89,3
494,89,4
494,89,5
495,15,1
495,15,2
495,15,3
495,15,4
495,15,5
495,16,1
495,16,2
495,16,3
495,16,4
495,16,5
496,35,1
496,35,2
496,35,3
496,35,4
496,35,5
496,36,1
496,36,2
496,36,3
496,36,4
496,36,5
497,22,1
497,22,2
497,22,3
497,22,4
497,22,5
497,23,1
497,23,2
497,23,3
497,23,4
497,23,5
498,116,1
498,116,2
498,116,3
498,116,4
498,116,5
498,117,1
498,117,2
498,117,3
498,117,4
498,117,5
499,189,1
499,189,2
499,189,3
499,189,4
499,189,5
499,190,1
499,190,2
499,190,3
499,190,4
499,190,5
500,1,1
500,1,2
500,1,3
500,1,4
500,1,5
500,2,1
500,2,2
500,2,3
500,2,4
500,2,5
501,114,1
501,114,2
501,114,3
501,114,4
501,114,5
501,115,1
501,115,2
501,115,3
501,115,4
501,115,5
502,105,1
502,105,2
502,105,3
502,105,4
502,105,5
502,106,1
502,106,2
502,106,3
502,106,4
502,106,5
503,115,1
503,115,2
503,115,3
503,115,4
503,115,5
503,116,1
503,116,2
503,116,3
503,116,4
503,116,5
504,143,1
504,143,2
504,143,3
504,143,4
504,143,5
504,144,1
504,144,2
504,144,3
504,144,4
504,144,5
505,145,1
505,145,2
505,145,3
505,145,4
505,145,5
505,146,1
505,146,2
505,146,3
505,146,4
505,146,5
506,174,1
506,174,2
506,174,3
506,174,4
506,174,5
506,175,1
506,175,2
506,175,3
506,175,4
506,175,5
507,45,1
507,45,2
507,45,3
507,45,4
507,45,5
507,46,1
507,46,2
507,46,3
507,46,4
507,46,5
508,84,1
508,84,2
508,84,3
508,84,4
508,84,5
508,85,1
508,85,2
508,85,3
508,85,4
508,85,5
509,143,1
509,143,2
509,143,3
509,143,4
509,143,5
509,144,1
509,144,2
509,144,3
509,144,4
509,144,5
510,19,1
510,19,2
510,19,3
510,19,4
510,19,5
510,20,1
510,20,2
510,20,3
510,20,4
510,20,5
511,26,1
511,26,2
511,26,3
511,26,4
511,26,5
511,27,1
511,27,2
511,27,3
511,27,4
511,27,5
512,139,1
512,139,2
512,139,3
512,139,4
512,139,5
512,140,1
512,140,2
512,140,3
512,140,4
512,140,5
513,172,1
513,172,2
513,172,3
513,172,4
513,172,5
513,173,1
513,173,2
513,173,3
513,173,4
513,173,5
514,123,1
514,123,2
514,123,3
514,123,4
514,123,5
514,124,1
514,124,2
514,124,3
514,124,4
514,124,5
515,7,1
515,7,2
515,7,3
515,7,4
515,7,5
515,8,1
515,8,2
515,8,3
515,8,4
515,8,5
516,155,1
516,155,2
516,155,3
516,155,4
516,155,5
516,156,1
516,156,2
516,156,3
516,156,4
516,156,5
517,88,1
517,88,2
517,88,3
517,88,4
517,88,5
517,89,1
517,89,2
517,89,3
517,89,4
517,89,5
518,77,1
518,77,2
518,77,3
518,77,4
518,77,5
518,78,1
518,78,2
518,78,3
518,78,4
518,78,5
519,188,1
519,188,2
519,188,3
519,188,4
519,188,5
519,189,1
519,189,2
519,189,3
519,189,4
519,189,5
520,53,1
520,53,2
520,53,3
520,53,4
520,53,5
520,54,1
520,54,2
520,54,3
520,54,4
520,54,5
521,113,1
521,113,2
521,113,3
521,113,4
521,113,5
521,114,1
521,114,2
521,114,3
521,114,4
521,114,5
522,184,1
522,184,2
522,184,3
522,184,4
522,184,5
522,185,1
522,185,2
522,185,3
522,185,4
522,185,5
523,165,1
523,165,2
523,165,3
523,165,4
523,165,5
523,166,1
523,166,2
523,166,3
523,166,4
523,166,5
524,72,1
524,72,2
524,72,3
524,72,4
524,72,5
524,73,1
524,73,2
524,73,3
524,73,4
524,73,5
525,100,1
525,100,2
525,100,3
525,100,4
525,100,5
525,101,1
525,101,2
525,101,3
525,101,4
525,101,5
526,67,1
526,67,2
526,67,3
526,67,4
526,67,5
526,68,1
526,68,2
526,68,3
526,68,4
526,68,5
527,185,1
527,185,2
527,185,3
527,185,4
527,185,5
527,186,1
527,186,2
527,186,3
527,186,4
527,186,5
528,172,1
528,172,2
528,172,3
528,172,4
528,172,5
528,173,1
528,173,2
528,173,3
528,173,4
528,173,5
529,115,1
529,115,2
529,115,3
529,115,4
529,115,5
529,116,1
529,116,2
529,116,3
529,116,4
529,116,5
530,22,1
530,22,2
530,22,3
530,22,4
530,22,5
530,23,1
530,23,2
530,23,3
530,23,4
530,23,5
531,38,1
531,38,2
531,38,3
531,38,4
531,38,5
531,39,1
531,39,2
531,39,3
531,39,4
531,39,5
532,7,1
532,7,2
532,7,3
532,7,4
532,7,5
532,8,1
532,8,2
532,8,3
532,8,4
532,8,5
533,82,1
533,82,2
533,82,3
533,82,4
533,82,5
533,83,1
533,83,2
533,83,3
533,83,4
533,83,5
534,144,1
534,144,2
534,144,3
534,144,4
534,144,5
534,145,1
534,145,2
534,145,3
534,145,4
534,145,5
535,164,1
535,164,2
535,164,3
535,164,4
535,164,5
535,165,1
535,165,2
535,165,3
535,165,4
535,165,5
536,28,1
536,28,2
536,28,3
536,28,4
536,28,5
536,29,1
536,29,2
536,29,3
536,29,4
536,29,5
537,100,1
537,100,2
537,100,3
537,100,4
537,100,5
537,101,1
537,101,2
537,101,3
537,101,4
537,101,5
538,110,1
538,110,2
538,110,3
538,110,4
538,110,5
538,111,1
538,111,2
538,111,3
538,111,4
538,111,5
539,2,1
539,2,2
539,2,3
539,2,4
539,2,5
539,3,1
539,3,2
539,3,3
539,3,4
539,3,5
540,175,1
540,175,2
540,175,3
540,175,4
540,175,5
540,176,1
540,176,2
540,176,3
540,176,4
540,176,5
541,148,1
541,148,2
541,148,3
541,148,4
541,148,5
541,149,1
541,149,2
541,149,3
541,149,4
541,149,5
542,80,1
542,80,2
542,80,3
542,80,4
542,80,5
542,81,1
542,81,2
542,81,3
542,81,4
542,81,5
543,106,1
543,106,2
543,106,3
543,106,4
543,106,5
543,107,1
543,107,2
543,107,3
543,107,4
543,107,5
544,57,1
544,57,2
544,57,3
544,57,4
544,57,5
544,58,1
544,58,2
544,58,3
544,58,4
544,58,5
545,11,1
545,11,2
545,11,3
545,11,4
545,11,5
545,12,1
545,12,2
545,12,3
545,12,4
545,12,5
546,165,1
546,165,2
546,165,3
546,165,4
546,165,5
546,166,1
546,166,2
546,166,3
546,166,4
546,166,5
547,39,1
547,39,2
547,39,3
547,39,4
547,39,5
547,40,1
547,40,2
547,40,3
547,40,4
547,40,5
548,34,1
548,34,2
548,34,3
548,34,4
548,34,5
548,35,1
548,35,2
548,35,3
548,35,4
548,35,5
549,20,1
549,20,2
549,20,3
549,20,4
549,20,5
549,21,1
549,21,2
549,21,3
549,21,4
549,21,5
550,38,1
550,38,2
550,38,3
550,38,4
550,38,5
550,39,1
550,39,2
550,39,3
550,39,4
550,39,5
551,77,1
551,77,2
551,77,3
551,77,4
551,77,5
551,78,1
551,78,2
551,78,3
551,78,4
551,78,5
552,76,1
552,76,2
552,76,3
552,76,4
552,76,5
552,77,1
552,77,2
552,77,3
552,77,4
552,77,5
553,95,1
553,95,2
553,95,3
553,95,4
553,95,5
553,96,1
553,96,2
553,96,3
553,96,4
553,96,5
554,105,1
554,105,2
554,105,3
554,105,4
554,105,5
554,106,1
554,106,2
554,106,3
554,106,4
554,106,5
555,92,1
555,92,2
555,92,3
555,92,4
555,92,5
555,93,1
555,93,2
555,93,3
555,93,4
555,93,5
556,1,1
556,1,2
556,1,3
556,1,4
556,1,5
556,2,1
556,2,2
556,2,3
556,2,4
556,2,5
557,97,1
557,97,2
557,97,3
557,97,4
557,97,5
557,98,1
557,98,2
557,98,3
557,98,4
557,98,5
558,82,1
558,82,2
558,82,3
558,82,4
558,82,5
558,83,1
558,83,2
558,83,3
558,83,4
558,83,5
559,189,1
559,189,2
559,189,3
559,189,4
559,189,5
559,190,1
559,190,2
559,190,3
559,190,4
559,190,5
560,25,1
560,25,2
560,25,3
560,25,4
560,25,5
560,26,1
560,26,2
560,26,3
560,26,4
560,26,5
561,64,1
561,64,2
561,64,3
561,64,4
561,64,5
561,65,1
561,65,2
561,65,3
561,65,4
561,65,5
562,179,1
562,179,2
562,179,3
562,179,4
562,179,5
562,180,1
562,180,2
562,180,3
562,180,4
562,180,5
563,86,1
563,86,2
563,86,3
563,86,4
563,86,5
563,87,1
563,87,2
563,87,3
563,87,4
563,87,5
564,95,1
564,95,2
564,95,3
564,95,4
564,95,5
564,96,1
564,96,2
564,96,3
564,96,4
564,96,5
565,198,1
565,198,2
565,198,3
565,198,4
565,198,5
565,199,1
565,199,2
565,199,3
565,199,4
565,199,5
566,72,1
566,72,2
566,72,3
566,72,4
566,72,5
566,73,1
566,73,2
566,73,3
566,73,4
566,73,5
567,130,1
567,130,2
567,130,3
567,130,4
567,130,5
567,131,1
567,131,2
567,131,3
567,131,4
567,131,5
568,86,1
568,86,2
568,86,3
568,86,4
568,86,5
568,87,1
568,87,2
568,87,3
568,87,4
568,87,5
569,101,1
569,101,2
569,101,3
569,101,4
569,101,5
569,102,1
569,102,2
569,102,3
569,102,4
569,102,5
570,48,1
570,48,2
570,48,3
570,48,4
570,48,5
570,49,1
570,49,2
570,49,3
570,49,4
570,49,5
571,138,1
571,138,2
571,138,3
571,138,4
571,138,5
571,139,1
571,139,2
571,139,3
571,139,4
571,139,5
572,111,1
572,111,2
572,111,3
572,111,4
572,111,5
572,112,1
572,112,2
572,112,3
572,112,4
572,112,5
573,183,1
573,183,2
573,183,3
573,183,4
573,183,5
573,184,1
573,184,2
573,184,3
573,184,4
573,184,5
574,192,1
574,192,2
574,192,3
574,192,4
574,192,5
574,193,1
574,193,2
574,193,3
574,193,4
574,193,5
575,180,1
575,180,2
575,180,3
575,180,4
575,180,5
575,181,1
575,181,2
575,181,3
575,181,4
575,181,5
576,176,1
576,176,2
576,176,3
576,176,4
576,176,5
576,177,1
576,177,2
576,177,3
576,177,4
576,177,5
577,197,1
577,197,2
577,197,3
577,197,4
577,197,5
577,198,1
577,198,2
577,198,3
577,198,4
577,198,5
578,192,1
578,192,2
578,192,3
578,192,4
578,192,5
578,193,1
578,193,2
578,193,3
578,193,4
578,193,5
579,60,1
579,60,2
579,60,3
579,60,4
579,60,5
579,61,1
579,61,2
579,61,3
579,61,4
579,61,5
580,66,1
580,66,2
580,66,3
580,66,4
580,66,5
580,67,1
580,67,2
580,67,3
580,67,4
580,67,5
581,168,1
581,168,2
581,168,3
581,168,4
581,168,5
581,169,1
581,169,2
581,169,3
581,169,4
581,169,5
582,181,1
582,181,2
582,181,3
582,181,4
582,181,5
582,182,1
582,182,2
582,182,3
582,182,4
582,182,5
583,49,1
583,49,2
583,49,3
583,49,4
583,49,5
583,50,1
583,50,2
583,50,3
583,50,4
583,50,5
584,138,1
584,138,2
584,138,3
584,138,4
584,138,5
584,139,1
584,139,2
584,139,3
584,139,4
584,139,5
585,32,1
585,32,2
585,32,3
585,32,4
585,32,5
585,33,1
585,33,2
585,33,3
585,33,4
585,33,5
586,82,1
586,82,2
586,82,3
586,82,4
586,82,5
586,83,1
586,83,2
586,83,3
586,83,4
586,83,5
587,37,1
587,37,2
587,37,3
587,37,4
587,37,5
587,38,1
587,38,2
587,38,3
587,38,4
587,38,5
588,74,1
588,74,2
588,74,3
588,74,4
588,74,5
588,75,1
588,75,2
588,75,3
588,75,4
588,75,5
589,87,1
589,87,2
589,87,3
589,87,4
589,87,5
589,88,1
589,88,2
589,88,3
589,88,4
589,88,5
590,38,1
590,38,2
590,38,3
590,38,4
590,38,5
590,39,1
590,39,2
590,39,3
590,39,4
590,39,5
591,141,1
591,141,2
591,141,3
591,141,4
591,141,5
591,142,1
591,142,2
591,142,3
591,142,4
591,142,5
592,198,1
592,198,2
592,198,3
592,198,4
592,198,5
592,199,1
592,199,2
592,199,3
592,199,4
592,199,5
593,32,1
593,32,2
593,32,3
593,32,4
593,32,5
593,33,1
593,33,2
593,33,3
593,33,4
593,33,5
594,128,1
594,128,2
594,128,3
594,128,4
594,128,5
594,129,1
594,129,2
594,129,3
594,129,4
594,129,5
595,190,1
595,190,2
595,190,3
595,190,4
595,190,5
595,191,1
595,191,2
595,191,3
595,191,4
595,191,5
596,33,1
596,33,2
596,33,3
596,33,4
596,33,5
596,34,1
596,34,2
596,34,3
596,34,4
596,34,5
597,163,1
597,163,2
597,163,3
597,163,4
597,163,5
597,164,1
597,164,2
597,164,3
597,164,4
597,164,5
598,188,1
598,188,2
598,188,3
598,188,4
598,188,5
598,189,1
598,189,2
598,189,3
598,189,4
598,189,5
599,145,1
599,145,2
599,145,3
599,145,4
599,145,5
599,146,1
599,146,2
599,146,3
599,146,4
599,146,5
600,20,1
600,20,2
600,20,3
600,20,4
600,20,5
600,21,1
600,21,2
600,21,3
600,21,4
600,21,5
601,66,1
601,66,2
601,66,3
601,66,4
601,66,5
601,67,1
601,67,2
601,67,3
601,67,4
601,67,5
602,129,1
602,129,2
602,129,3
602,129,4
602,129,5
602,130,1
602,130,2
602,130,3
602,130,4
602,130,5
603,50,1
603,50,2
603,50,3
603,50,4
603,50,5
603,51,1
603,51,2
603,51,3
603,51,4
603,51,5
604,5,1
604,5,2
604,5,3
604,5,4
604,5,5
604,6,1
604,6,2
604,6,3
604,6,4
604,6,5
605,197,1
605,197,2
605,197,3
605,197,4
605,197,5
605,198,1
605,198,2
605,198,3
605,198,4
605,198,5
606,62,1
606,62,2
606,62,3
606,62,4
606,62,5
606,63,1
606,63,2
606,63,3
606,63,4
606,63,5
607,144,1
607,144,2
607,144,3
607,144,4
607,144,5
607,145,1
607,145,2
607,145,3
607,145,4
607,145,5
608,196,1
608,196,2
608,196,3
608,196,4
608,196,5
608,197,1
608,197,2
608,197,3
608,197,4
608,197,5
609,91,1
609,91,2
609,91,3
609,91,4
609,91,5
609,92,1
609,92,2
609,92,3
609,92,4
609,92,5
610,90,1
610,90,2
610,90,3
610,90,4
610,90,5
610,91,1
610,91,2
610,91,3
610,91,4
610,91,5
611,151,1
611,151,2
611,151,3
611,151,4
611,151,5
611,152,1
611,152,2
611,152,3
611,152,4
611,152,5
612,47,1
612,47,2
612,47,3
612,47,4
612,47,5
612,48,1
612,48,2
612,48,3
612,48,4
612,48,5
613,106,1
613,106,2
613,106,3
613,106,4
613,106,5
613,107,1
613,107,2
613,107,3
613,107,4
613,107,5
614,72,1
614,72,2
614,72,3
614,72,4
614,72,5
614,73,1
614,73,2
614,73,3
614,73,4
614,73,5
615,115,1
615,115,2
615,115,3
615,115,4
615,115,5
615,116,1
615,116,2
615,116,3
615,116,4
615,116,5
616,103,1
616,103,2
616,103,3
616,103,4
616,103,5
616,104,1
616,104,2
616,104,3
616,104,4
616,104,5
617,84,1
617,84,2
617,84,3
617,84,4
617,84,5
617,85,1
617,85,2
617,85,3
617,85,4
617,85,5
618,14,1
618,14,2
618,14,3
618,14,4
618,14,5
618,15,1
618,15,2
618,15,3
618,15,4
618,15,5
619,133,1
619,133,2
619,133,3
619,133,4
619,133,5
619,134,1
619,134,2
619,134,3
619,134,4
619,134,5
620,192,1
620,192,2
620,192,3
620,192,4
620,192,5
620,193,1
620,193,2
620,193,3
620,193,4
620,193,5
621,50,1
621,50,2
621,50,3
621,50,4
621,50,5
621,51,1
621,51,2
621,51,3
621,51,4
621,51,5
622,5,1
622,5,2
622,5,3
622,5,4
622,5,5
622,6,1
622,6,2
622,6,3
622,6,4
622,6,5
623,106,1
623,106,2
623,106,3
623,106,4
623,106,5
623,107,1
623,107,2
623,107,3
623,107,4
623,107,5
624,165,1
624,165,2
624,165,3
624,165,4
624,165,5
624,166,1
624,166,2
624,166,3
624,166,4
624,166,5
625,93,1
625,93,2
625,93,3
625,93,4
625,93,5
625,94,1
625,94,2
625,94,3
625,94,4
625,94,5
626,48,1
626,48,2
626,48,3
626,48,4
626,48,5
626,49,1
626,49,2
626,49,3
626,49,4
626,49,5
627,13,1
627,13,2
627,13,3
627,13,4
627,13,5
627,14,1
627,14,2
627,14,3
627,14,4
627,14,5
628,19,1
628,19,2
628,19,3
628,19,4
628,19,5
628,20,1
628,20,2
628,20,3
628,20,4
628,20,5
629,58,1
629,58,2
629,58,3
629,58,4
629,58,5
629,59,1
629,59,2
629,59,3
629,59,4
629,59,5
630,36,1
630,36,2
630,36,3
630,36,4
630,36,5
630,37,1
630,37,2
630,37,3
630,37,4
630,37,5
631,180,1
631,180,2
631,180,3
631,180,4
631,180,5
631,181,1
631,181,2
631,181,3
631,181,4
631,181,5
632,114,1
632,114,2
632,114,3
632,114,4
632,114,5
632,115,1
632,115,2
632,115,3
632,115,4
632,115,5
633,49,1
633,49,2
633,49,3
633,49,4
633,49,5
633,50,1
633,50,2
633,50,3
633,50,4
633,50,5
634,184,1
634,184,2
634,184,3
634,184,4
634,184,5
634,185,1
634,185,2
634,185,3
634,185,4
634,185,5
635,199,1
635,199,2
635,199,3
635,199,4
635,199,5
635,200,1
635,200,2
635,200,3
635,200,4
635,200,5
636,24,1
636,24,2
636,24,3
636,24,4
636,24,5
636,25,1
636,25,2
636,25,3
636,25,4
636,25,5
637,136,1
637,136,2
637,136,3
637,136,4
637,136,5
637,137,1
637,137,2
637,137,3
637,137,4
637,137,5
638,189,1
638,189,2
638,189,3
638,189,4
638,189,5
638,190,1
638,190,2
638,190,3
638,190,4
638,190,5
639,8,1
639,8,2
639,8,3
639,8,4
639,8,5
639,9,1
639,9,2
639,9,3
639,9,4
639,9,5
640,159,1
640,159,2
640,159,3
640,159,4
640,159,5
640,160,1
640,160,2
640,160,3
640,160,4
640,160,5
641,137,1
641,137,2
641,137,3
641,137,4
641,137,5
641,138,1
641,138,2
641,138,3
641,138,4
641,138,5
642,126,1
642,126,2
642,126,3
642,126,4
642,126,5
642,127,1
642,127,2
642,127,3
642,127,4
642,127,5
643,132,1
643,132,2
643,132,3
643,132,4
643,132,5
643,133,1
643,133,2
643,133,3
643,133,4
643,133,5
644,92,1
644,92,2
644,92,3
644,92,4
644,92,5
644,93,1
644,93,2
644,93,3
644,93,4
644,93,5
645,61,1
645,61,2
645,61,3
645,61,4
645,61,5
645,62,1
645,62,2
645,62,3
645,62,4
645,62,5
646,6,1
646,6,2
646,6,3
646,6,4
646,6,5
646,7,1
646,7,2
646,7,3
646,7,4
646,7,5
647,50,1
647,50,2
647,50,3
647,50,4
647,50,5
647,51,1
647,51,2
647,51,3
647,51,4
647,51,5
648,97,1
648,97,2
648,97,3
648,97,4
648,97,5
648,98,1
648,98,2
648,98,3
648,98,4
648,98,5
649,172,1
649,172,2
649,172,3
649,172,4
649,172,5
649,173,1
649,173,2
649,173,3
649,173,4
649,173,5
650,195,1
650,195,2
650,195,3
650,195,4
650,195,5
650,196,1
650,196,2
650,196,3
650,196,4
650,196,5
651,198,1
651,198,2
651,198,3
651,198,4
651,198,5
651,199,1
651,199,2
651,199,3
651,199,4
651,199,5
652,107,1
652,107,2
652,107,3
652,107,4
652,107,5
652,108,1
652,108,2
652,108,3
652,108,4
652,108,5
653,28,1
653,28,2
653,28,3
653,28,4
653,28,5
653,29,1
653,29,2
653,29,3
653,29,4
653,29,5
654,85,1
654,85,2
654,85,3
654,85,4
654,85,5
654,86,1
654,86,2
654,86,3
654,86,4
654,86,5
655,126,1
655,126,2
655,126,3
655,126,4
655,126,5
655,127,1
655,127,2
655,127,3
655,127,4
655,127,5
656,100,1
656,100,2
656,100,3
656,100,4
656,100,5
656,101,1
656,101,2
656,101,3
656,101,4
656,101,5
657,55,1
657,55,2
657,55,3
657,55,4
657,55,5
657,56,1
657,56,2
657,56,3
657,56,4
657,56,5
658,126,1
658,126,2
658,126,3
658,126,4
658,126,5
658,127,1
658,127,2
658,127,3
658,127,4
658,127,5
659,117,1
659,117,2
659,117,3
659,117,4
659,117,5
659,118,1
659,118,2
659,118,3
659,118,4
659,118,5
660,120,1
660,120,2
660,120,3
660,120,4
660,120,5
660,121,1
660,121,2
660,121,3
660,121,4
660,121,5
661,52,1
661,52,2
661,52,3
661,52,4
661,52,5
661,53,1
661,53,2
661,53,3
661,53,4
661,53,5
662,55,1
662,55,2
662,55,3
662,55,4
662,55,5
662,56,1
662,56,2
662,56,3
662,56,4
662,56,5
663,47,1
663,47,2
663,47,3
663,47,4
663,47,5
663,48,1
663,48,2
663,48,3
663,48,4
663,48,5
664,72,1
664,72,2
664,72,3
664,72,4
664,72,5
664,73,1
664,73,2
664,73,3
664,73,4
664,73,5
665,40,1
665,40,2
665,40,3
665,40,4
665,40,5
665,41,1
665,41,2
665,41,3
665,41,4
665,41,5
666,88,1
666,88,2
666,88,3
666,88,4
666,88,5
666,89,1
666,89,2
666,89,3
666,89,4
666,89,5
667,174,1
667,174,2
667,174,3
667,174,4
667,174,5
667,175,1
667,175,2
667,175,3
667,175,4
667,175,5
668,41,1
668,41,2
668,41,3
668,41,4
668,41,5
668,42,1
668,42,2
668,42,3
668,42,4
668,42,5
669,4,1
669,4,2
669,4,3
669,4,4
669,4,5
669,5,1
669,5,2
669,5,3
669,5,4
669,5,5
670,39,1
670,39,2
670,39,3
670,39,4
670,39,5
670,40,1
670,40,2
670,40,3
670,40,4
670,40,5
671,107,1
671,107,2
671,107,3
671,107,4
671,107,5
671,108,1
671,108,2
671,108,3
671,108,4
671,108,5
672,100,1
672,100,2
672,100,3
672,100,4
672,100,5
672,101,1
672,101,2
672,101,3
672,101,4
672,101,5
673,165,1
673,165,2
673,165,3
673,165,4
673,165,5
673,166,1
673,166,2
673,166,3
673,166,4
673,166,5
674,95,1
674,95,2
674,95,3
674,95,4
674,95,5
674,96,1
674,96,2
674,96,3
674,96,4
674,96,5
675,77,1
675,77,2
675,77,3
675,77,4
675,77,5
675,78,1
675,78,2
675,78,3
675,78,4
675,78,5
676,13,1
676,13,2
676,13,3
676,13,4
676,13,5
676,14,1
676,14,2
676,14,3
676,14,4
676,14,5
677,57,1
677,57,2
677,57,3
677,57,4
677,57,5
677,58,1
677,58,2
677,58,3
677,58,4
677,58,5
678,149,1
678,149,2
678,149,3
678,149,4
678,149,5
678,150,1
678,150,2
678,150,3
678,150,4
678,150,5
679,128,1
679,128,2
679,128,3
679,128,4
679,128,5
679,129,1
679,129,2
679,129,3
679,129,4
679,129,5
680,52,1
680,52,2
680,52,3
680,52,4
680,52,5
680,53,1
680,53,2
680,53,3
680,53,4
680,53,5
681,25,1
681,25,2
681,25,3
681,25,4
681,25,5
681,26,1
681,26,2
681,26,3
681,26,4
681,26,5
682,77,1
682,77,2
682,77,3
682,77,4
682,77,5
682,78,1
682,78,2
682,78,3
682,78,4
682,78,5
683,63,1
683,63,2
683,63,3
683,63,4
683,63,5
683,64,1
683,64,2
683,64,3
683,64,4
683,64,5
684,97,1
684,97,2
684,97,3
684,97,4
684,97,5
684,98,1
684,98,2
684,98,3
684,98,4
684,98,5
685,175,1
685,175,2
685,175,3
685,175,4
685,175,5
685,176,1
685,176,2
685,176,3
685,176,4
685,176,5
686,78,1
686,78,2
686,78,3
686,78,4
686,78,5
686,79,1
686,79,2
686,79,3
686,79,4
686,79,5
687,12,1
687,12,2
687,12,3
687,12,4
687,12,5
687,13,1
687,13,2
687,13,3
687,13,4
687,13,5
688,61,1
688,61,2
688,61,3
688,61,4
688,61,5
688,62,1
688,62,2
688,62,3
688,62,4
688,62,5
689,187,1
689,187,2
689,187,3
689,187,4
689,187,5
689,188,1
689,188,2
689,188,3
689,188,4
689,188,5
690,135,1
690,135,2
690,135,3
690,135,4
690,135,5
690,136,1
690,136,2
690,136,3
690,136,4
690,136,5
691,126,1
691,126,2
691,126,3
691,126,4
691,126,5
691,127,1
691,127,2
691,127,3
691,127,4
691,127,5
692,104,1
692,104,2
692,104,3
692,104,4
692,104,5
692,105,1
692,105,2
692,105,3
692,105,4
692,105,5
693,16,1
693,16,2
693,16,3
693,16,4
693,16,5
693,17,1
693,17,2
693,17,3
693,17,4
693,17,5
694,154,1
694,154,2
694,154,3
694,154,4
694,154,5
694,155,1
694,155,2
694,155,3
694,155,4
694,155,5
695,69,1
695,69,2
695,69,3
695,69,4
695,69,5
695,70,1
695,70,2
695,70,3
695,70,4
695,70,5
696,8,1
696,8,2
696,8,3
696,8,4
696,8,5
696,9,1
696,9,2
696,9,3
696,9,4
696,9,5
697,113,1
697,113,2
697,113,3
697,113,4
697,113,5
697,114,1
697,114,2
697,114,3
697,114,4
697,114,5
698,183,1
698,183,2
698,183,3
698,183,4
698,183,5
698,184,1
698,184,2
698,184,3
698,184,4
698,184,5
699,137,1
699,137,2
699,137,3
699,137,4
699,137,5
699,138,1
699,138,2
699,138,3
699,138,4
699,138,5
700,143,1
700,143,2
700,143,3
700,143,4
700,143,5
700,144,1
700,144,2
700,144,3
700,144,4
700,144,5
701,102,1
701,102,2
701,102,3
701,102,4
701,102,5
701,103,1
701,103,2
701,103,3
701,103,4
701,103,5
702,88,1
702,88,2
702,88,3
702,88,4
702,88,5
702,89,1
702,89,2
702,89,3
702,89,4
702,89,5
703,26,1
703,26,2
703,26,3
703,26,4
703,26,5
703,27,1
703,27,2
703,27,3
703,27,4
703,27,5
704,177,1
704,177,2
704,177,3
704,177,4
704,177,5
704,178,1
704,178,2
704,178,3
704,178,4
704,178,5
705,61,1
705,61,2
705,61,3
705,61,4
705,61,5
705,62,1
705,62,2
705,62,3
705,62,4
705,62,5
706,198,1
706,198,2
706,198,3
706,198,4
706,198,5
706,199,1
706,199,2
706,199,3
706,199,4
706,199,5
707,149,1
707,149,2
707,149,3
707,149,4
707,149,5
707,150,1
707,150,2
707,150,3
707,150,4
707,150,5
708,182,1
708,182,2
708,182,3
708,182,4
708,182,5
708,183,1
708,183,2
708,183,3
708,183,4
708,183,5
709,28,1
709,28,2
709,28,3
709,28,4
709,28,5
709,29,1
709,29,2
709,29,3
709,29,4
709,29,5
710,96,1
710,96,2
710,96,3
710,96,4
710,96,5
710,97,1
710,97,2
710,97,3
710,97,4
710,97,5
711,130,1
711,130,2
711,130,3
711,130,4
711,130,5
711,131,1
711,131,2
711,131,3
711,131,4
711,131,5
712,115,1
712,115,2
712,115,3
712,115,4
712,115,5
712,116,1
712,116,2
712,116,3
712,116,4
712,116,5
713,15,1
713,15,2
713,15,3
713,15,4
713,15,5
713,16,1
713,16,2
713,16,3
713,16,4
713,16,5
714,105,1
714,105,2
714,105,3
714,105,4
714,105,5
714,106,1
714,106,2
714,106,3
714,106,4
714,106,5
715,69,1
715,69,2
715,69,3
715,69,4
715,69,5
715,70,1
715,70,2
715,70,3
715,70,4
715,70,5
716,131,1
716,131,2
716,131,3
716,131,4
716,131,5
716,132,1
716,132,2
716,132,3
716,132,4
716,132,5
717,58,1
717,58,2
717,58,3
717,58,4
717,58,5
717,59,1
717,59,2
717,59,3
717,59,4
717,59,5
718,6,1
718,6,2
718,6,3
718,6,4
718,6,5
718,7,1
718,7,2
718,7,3
718,7,4
718,7,5
719,10,1
719,10,2
719,10,3
719,10,4
719,10,5
719,11,1
719,11,2
719,11,3
719,11,4
719,11,5
720,79,1
720,79,2
720,79,3
720,79,4
720,79,5
720,80,1
720,80,2
720,80,3
720,80,4
720,80,5
721,57,1
721,57,2
721,57,3
721,57,4
721,57,5
721,58,1
721,58,2
721,58,3
721,58,4
721,58,5
722,197,1
722,197,2
722,197,3
722,197,4
722,197,5
722,198,1
722,198,2
722,198,3
722,198,4
722,198,5
723,113,1
723,113,2
723,113,3
723,113,4
723,113,5
723,114,1
723,114,2
723,114,3
723,114,4
723,114,5
724,138,1
724,138,2
724,138,3
724,138,4
724,138,5
724,139,1
724,139,2
724,139,3
724,139,4
724,139,5
725,31,1
725,31,2
725,31,3
725,31,4
725,31,5
725,32,1
725,32,2
725,32,3
725,32,4
725,32,5
726,57,1
726,57,2
726,57,3
726,57,4
726,57,5
726,58,1
726,58,2
726,58,3
726,58,4
726,58,5
727,89,1
727,89,2
727,89,3
727,89,4
727,89,5
727,90,1
727,90,2
727,90,3
727,90,4
727,90,5
728,43,1
728,43,2
728,43,3
728,43,4
728,43,5
728,44,1
728,44,2
728,44,3
728,44,4
728,44,5
729,29,1
729,29,2
729,29,3
729,29,4
729,29,5
729,30,1
729,30,2
729,30,3
729,30,4
729,30,5
730,184,1
730,184,2
730,184,3
730,184,4
730,184,5
730,185,1
730,185,2
730,185,3
730,185,4
730,185,5
731,57,1
731,57,2
731,57,3
731,57,4
731,57,5
731,58,1
731,58,2
731,58,3
731,58,4
731,58,5
732,52,1
732,52,2
732,52,3
732,52,4
732,52,5
732,53,1
732,53,2
732,53,3
732,53,4
732,53,5
733,69,1
733,69,2
733,69,3
733,69,4
733,69,5
733,70,1
733,70,2
733,70,3
733,70,4
733,70,5
734,167,1
734,167,2
734,167,3
734,167,4
734,167,5
734,168,1
734,168,2
734,168,3
734,168,4
734,168,5
735,13,1
735,13,2
735,13,3
735,13,4
735,13,5
735,14,1
735,14,2
735,14,3
735,14,4
735,14,5
736,166,1
736,166,2
736,166,3
736,166,4
736,166,5
736,167,1
736,167,2
736,167,3
736,167,4
736,167,5
737,102,1
737,102,2
737,102,3
737,102,4
737,102,5
737,103,1
737,103,2
737,103,3
737,103,4
737,103,5
738,80,1
738,80,2
738,80,3
738,80,4
738,80,5
738,81,1
738,81,2
738,81,3
738,81,4
738,81,5
739,75,1
739,75,2
739,75,3
739,75,4
739,75,5
739,76,1
739,76,2
739,76,3
739,76,4
739,76,5
740,64,1
740,64,2
740,64,3
740,64,4
740,64,5
740,65,1
740,65,2
740,65,3
740,65,4
740,65,5
741,189,1
741,189,2
741,189,3
741,189,4
741,189,5
741,190,1
741,190,2
741,190,3
741,190,4
741,190,5
742,98,1
742,98,2
742,98,3
742,98,4
742,98,5
742,99,1
742,99,2
742,99,3
742,99,4
742,99,5
743,103,1
743,103,2
743,103,3
743,103,4
743,103,5
743,104,1
743,104,2
743,104,3
743,104,4
743,104,5
744,144,1
744,144,2
744,144,3
744,144,4
744,144,5
744,145,1
744,145,2
744,145,3
744,145,4
744,145,5
745,96,1
745,96,2
745,96,3
745,96,4
745,96,5
745,97,1
745,97,2
745,97,3
745,97,4
745,97,5
746,134,1
746,134,2
746,134,3
746,134,4
746,134,5
746,135,1
746,135,2
746,135,3
746,135,4
746,135,5
747,156,1
747,156,2
747,156,3
747,156,4
747,156,5
747,157,1
747,157,2
747,157,3
747,157,4
747,157,5
748,130,1
748,130,2
748,130,3
748,130,4
748,130,5
748,131,1
748,131,2
748,131,3
748,131,4
748,131,5
749,77,1
749,77,2
749,77,3
749,77,4
749,77,5
749,78,1
749,78,2
749,78,3
749,78,4
749,78,5
750,32,1
750,32,2
750,32,3
750,32,4
750,32,5
750,33,1
750,33,2
750,33,3
750,33,4
750,33,5
751,63,1
751,63,2
751,63,3
751,63,4
751,63,5
751,64,1
751,64,2
751,64,3
751,64,4
751,64,5
752,27,1
752,27,2
752,27,3
752,27,4
752,27,5
752,28,1
752,28,2
752,28,3
752,28,4
752,28,5
753,74,1
753,74,2
753,74,3
753,74,4
753,74,5
753,75,1
753,75,2
753,75,3
753,75,4
753,75,5
754,100,1
754,100,2
754,100,3
754,100,4
754,100,5
754,101,1
754,101,2
754,101,3
754,101,4
754,101,5
755,61,1
755,61,2
755,61,3
755,61,4
755,61,5
755,62,1
755,62,2
755,62,3
755,62,4
755,62,5
756,127,1
756,127,2
756,127,3
756,127,4
756,127,5
756,128,1
756,128,2
756,128,3
756,128,4
756,128,5
757,141,1
757,141,2
757,141,3
757,141,4
757,141,5
757,142,1
757,142,2
757,142,3
757,142,4
757,142,5
758,120,1
758,120,2
758,120,3
758,120,4
758,120,5
758,121,1
758,121,2
758,121,3
758,121,4
758,121,5
759,143,1
759,143,2
759,143,3
759,143,4
759,143,5
759,144,1
759,144,2
759,144,3
759,144,4
759,144,5
760,82,1
760,82,2
760,82,3
760,82,4
760,82,5
760,83,1
760,83,2
760,83,3
760,83,4
760,83,5
761,192,1
761,192,2
761,192,3
761,192,4
761,192,5
761,193,1
761,193,2
761,193,3
761,193,4
761,193,5
762,3,1
762,3,2
762,3,3
762,3,4
762,3,5
762,4,1
762,4,2
762,4,3
762,4,4
762,4,5
763,41,1
763,41,2
763,41,3
763,41,4
763,41,5
763,42,1
763,42,2
763,42,3
763,42,4
763,42,5
764,179,1
764,179,2
764,179,3
764,179,4
764,179,5
764,180,1
764,180,2
764,180,3
764,180,4
764,180,5
765,149,1
765,149,2
765,149,3
765,149,4
765,149,5
765,150,1
765,150,2
765,150,3
765,150,4
765,150,5
766,38,1
766,38,2
766,38,3
766,38,4
766,38,5
766,39,1
766,39,2
766,39,3
766,39,4
766,39,5
767,137,1
767,137,2
767,137,3
767,137,4
767,137,5
767,138,1
767,138,2
767,138,3
767,138,4
767,138,5
768,167,1
768,167,2
768,167,3
768,167,4
768,167,5
768,168,1
768,168,2
768,168,3
768,168,4
768,168,5
769,55,1
769,55,2
769,55,3
769,55,4
769,55,5
769,56,1
769,56,2
769,56,3
769,56,4
769,56,5
770,187,1
770,187,2
770,187,3
770,187,4
770,187,5
770,188,1
770,188,2
770,188,3
770,188,4
770,188,5
771,57,1
771,57,2
771,57,3
771,57,4
771,57,5
771,58,1
771,58,2
771,58,3
771,58,4
771,58,5
772,196,1
772,196,2
772,196,3
772,196,4
772,196,5
772,197,1
772,197,2
772,197,3
772,197,4
772,197,5
773,106,1
773,106,2
773,106,3
773,106,4
773,106,5
773,107,1
773,107,2
773,107,3
773,107,4
773,107,5
774,94,1
774,94,2
774,94,3
774,94,4
774,94,5
774,95,1
774,95,2
774,95,3
774,95,4
774,95,5
775,48,1
775,48,2
775,48,3
775,48,4
775,48,5
775,49,1
775,49,2
775,49,3
775,49,4
775,49,5
776,171,1
776,171,2
776,171,3
776,171,4
776,171,5
776,172,1
776,172,2
776,172,3
776,172,4
776,172,5
777,129,1
777,129,2
777,129,3
777,129,4
777,129,5
777,130,1
777,130,2
777,130,3
777,130,4
777,130,5
778,132,1
778,132,2
778,132,3
778,132,4
778,132,5
778,133,1
778,133,2
778,133,3
778,133,4
778,133,5
779,6,1
779,6,2
779,6,3
779,6,4
779,6,5
779,7,1
779,7,2
779,7,3
779,7,4
779,7,5
780,68,1
780,68,2
780,68,3
780,68,4
780,68,5
780,69,1
780,69,2
780,69,3
780,69,4
780,69,5
781,102,1
781,102,2
781,102,3
781,102,4
781,102,5
781,103,1
781,103,2
781,103,3
781,103,4
781,103,5
782,174,1
782,174,2
782,174,3
782,174,4
782,174,5
782,175,1
782,175,2
782,175,3
782,175,4
782,175,5
783,100,1
783,100,2
783,100,3
783,100,4
783,100,5
783,101,1
783,101,2
783,101,3
783,101,4
783,101,5
784,122,1
784,122,2
784,122,3
784,122,4
784,122,5
784,123,1
784,123,2
784,123,3
784,123,4
784,123,5
785,64,1
785,64,2
785,64,3
785,64,4
785,64,5
785,65,1
785,65,2
785,65,3
785,65,4
785,65,5
786,163,1
786,163,2
786,163,3
786,163,4
786,163,5
786,164,1
786,164,2
786,164,3
786,164,4
786,164,5
787,15,1
787,15,2
787,15,3
787,15,4
787,15,5
787,16,1
787,16,2
787,16,3
787,16,4
787,16,5
788,1,1
788,1,2
788,1,3
788,1,4
788,1,5
788,2,1
788,2,2
788,2,3
788,2,4
788,2,5
789,20,1
789,20,2
789,20,3
789,20,4
789,20,5
789,21,1
789,21,2
789,21,3
789,21,4
789,21,5
790,66,1
790,66,2
790,66,3
790,66,4
790,66,5
790,67,1
790,67,2
790,67,3
790,67,4
790,67,5
791,85,1
791,85,2
791,85,3
791,85,4
791,85,5
791,86,1
791,86,2
791,86,3
791,86,4
791,86,5
792,48,1
792,48,2
792,48,3
792,48,4
792,48,5
792,49,1
792,49,2
792,49,3
792,49,4
792,49,5
793,131,1
793,131,2
793,131,3
793,131,4
793,131,5
793,132,1
793,132,2
793,132,3
793,132,4
793,132,5
794,23,1
794,23,2
794,23,3
794,23,4
794,23,5
794,24,1
794,24,2
794,24,3
794,24,4
794,24,5
795,97,1
795,97,2
795,97,3
795,97,4
795,97,5
795,98,1
795,98,2
795,98,3
795,98,4
795,98,5
796,145,1
796,145,2
796,145,3
796,145,4
796,145,5
796,146,1
796,146,2
796,146,3
796,146,4
796,146,5
797,124,1
797,124,2
797,124,3
797,124,4
797,124,5
797,125,1
797,125,2
797,125,3
797,125,4
797,125,5
798,184,1
798,184,2
798,184,3
798,184,4
798,184,5
798,185,1
798,185,2
798,185,3
798,185,4
798,185,5
799,130,1
799,130,2
799,130,3
799,130,4
799,130,5
799,131,1
799,131,2
799,131,3
799,131,4
799,131,5
800,149,1
800,149,2
800,149,3
800,149,4
800,149,5
800,150,1
800,150,2
800,150,3
800,150,4
800,150,5
801,29,1
801,29,2
801,29,3
801,29,4
801,29,5
801,30,1
801,30,2
801,30,3
801,30,4
801,30,5
802,22,1
802,22,2
802,22,3
802,22,4
802,22,5
802,23,1
802,23,2
802,23,3
802,23,4
802,23,5
803,144,1
803,144,2
803,144,3
803,144,4
803,144,5
803,145,1
803,145,2
803,145,3
803,145,4
803,145,5
804,101,1
804,101,2
804,101,3
804,101,4
804,101,5
804,102,1
804,102,2
804,102,3
804,102,4
804,102,5
805,15,1
805,15,2
805,15,3
805,15,4
805,15,5
805,16,1
805,16,2
805,16,3
805,16,4
805,16,5
806,58,1
806,58,2
806,58,3
806,58,4
806,58,5
806,59,1
806,59,2
806,59,3
806,59,4
806,59,5
807,3,1
807,3,2
807,3,3
807,3,4
807,3,5
807,4,1
807,4,2
807,4,3
807,4,4
807,4,5
808,66,1
808,66,2
808,66,3
808,66,4
808,66,5
808,67,1
808,67,2
808,67,3
808,67,4
808,67,5
809,42,1
809,42,2
809,42,3
809,42,4
809,42,5
809,43,1
809,43,2
809,43,3
809,43,4
809,43,5
810,33,1
810,33,2
810,33,3
810,33,4
810,33,5
810,34,1
810,34,2
810,34,3
810,34,4
810,34,5
811,150,1
811,150,2
811,150,3
811,150,4
811,150,5
811,151,1
811,151,2
811,151,3
811,151,4
811,151,5
812,154,1
812,154,2
812,154,3
812,154,4
812,154,5
812,155,1
812,155,2
812,155,3
812,155,4
812,155,5
813,80,1
813,80,2
813,80,3
813,80,4
813,80,5
813,81,1
813,81,2
813,81,3
813,81,4
813,81,5
814,30,1
814,30,2
814,30,3
814,30,4
814,30,5
814,31,1
814,31,2
814,31,3
814,31,4
814,31,5
815,48,1
815,48,2
815,48,3
815,48,4
815,48,5
815,49,1
815,49,2
815,49,3
815,49,4
815,49,5
816,189,1
816,189,2
816,189,3
816,189,4
816,189,5
816,190,1
816,190,2
816,190,3
816,190,4
816,190,5
817,55,1
817,55,2
817,55,3
817,55,4
817,55,5
817,56,1
817,56,2
817,56,3
817,56,4
817,56,5
818,113,1
818,113,2
818,113,3
818,113,4
818,113,5
818,114,1
818,114,2
818,114,3
818,114,4
818,114,5
819,70,1
819,70,2
819,70,3
819,70,4
819,70,5
819,71,1
819,71,2
819,71,3
819,71,4
819,71,5
820,75,1
820,75,2
820,75,3
820,75,4
820,75,5
820,76,1
820,76,2
820,76,3
820,76,4
820,76,5
821,110,1
821,110,2
821,110,3
821,110,4
821,110,5
821,111,1
821,111,2
821,111,3
821,111,4
821,111,5
822,104,1
822,104,2
822,104,3
822,104,4
822,104,5
822,105,1
822,105,2
822,105,3
822,105,4
822,105,5
823,117,1
823,117,2
823,117,3
823,117,4
823,117,5
823,118,1
823,118,2
823,118,3
823,118,4
823,118,5
824,49,1
824,49,2
824,49,3
824,49,4
824,49,5
824,50,1
824,50,2
824,50,3
824,50,4
824,50,5
825,21,1
825,21,2
825,21,3
825,21,4
825,21,5
825,22,1
825,22,2
825,22,3
825,22,4
825,22,5
826,11,1
826,11,2
826,11,3
826,11,4
826,11,5
826,12,1
826,12,2
826,12,3
826,12,4
826,12,5
827,190,1
827,190,2
827,190,3
827,190,4
827,190,5
827,191,1
827,191,2
827,191,3
827,191,4
827,191,5
828,101,1
828,101,2
828,101,3
828,101,4
828,101,5
828,102,1
828,102,2
828,102,3
828,102,4
828,102,5
829,121,1
829,121,2
829,121,3
829,121,4
829,121,5
829,122,1
829,122,2
829,122,3
829,122,4
829,122,5
830,110,1
830,110,2
830,110,3
830,110,4
830,110,5
830,111,1
830,111,2
830,111,3
830,111,4
830,111,5
831,109,1
831,109,2
831,109,3
831,109,4
831,109,5
831,110,1
831,110,2
831,110,3
831,110,4
831,110,5
832,181,1
832,181,2
832,181,3
832,181,4
832,181,5
832,182,1
832,182,2
832,182,3
832,182,4
832,182,5
833,180,1
833,180,2
833,180,3
833,180,4
833,180,5
833,181,1
833,181,2
833,181,3
833,181,4
833,181,5
834,153,1
834,153,2
834,153,3
834,153,4
834,153,5
834,154,1
834,154,2
834,154,3
834,154,4
834,154,5
835,181,1
835,181,2
835,181,3
835,181,4
835,181,5
835,182,1
835,182,2
835,182,3
835,182,4
835,182,5
836,81,1
836,81,2
836,81,3
836,81,4
836,81,5
836,82,1
836,82,2
836,82,3
836,82,4
836,82,5
837,91,1
837,91,2
837,91,3
837,91,4
837,91,5
837,92,1
837,92,2
837,92,3
837,92,4
837,92,5
838,45,1
838,45,2
838,45,3
838,45,4
838,45,5
838,46,1
838,46,2
838,46,3
838,46,4
838,46,5
839,187,1
839,187,2
839,187,3
839,187,4
839,187,5
839,188,1
839,188,2
839,188,3
839,188,4
839,188,5
840,78,1
840,78,2
840,78,3
840,78,4
840,78,5
840,79,1
840,79,2
840,79,3
840,79,4
840,79,5
841,67,1
841,67,2
841,67,3
841,67,4
841,67,5
841,68,1
841,68,2
841,68,3
841,68,4
841,68,5
842,71,1
842,71,2
842,71,3
842,71,4
842,71,5
842,72,1
842,72,2
842,72,3
842,72,4
842,72,5
843,48,1
843,48,2
843,48,3
843,48,4
843,48,5
843,49,1
843,49,2
843,49,3
843,49,4
843,49,5
844,69,1
844,69,2
844,69,3
844,69,4
844,69,5
844,70,1
844,70,2
844,70,3
844,70,4
844,70,5
845,129,1
845,129,2
845,129,3
845,129,4
845,129,5
845,130,1
845,130,2
845,130,3
845,130,4
845,130,5
846,153,1
846,153,2
846,153,3
846,153,4
846,153,5
846,154,1
846,154,2
846,154,3
846,154,4
846,154,5
847,175,1
847,175,2
847,175,3
847,175,4
847,175,5
847,176,1
847,176,2
847,176,3
847,176,4
847,176,5
848,91,1
848,91,2
848,91,3
848,91,4
848,91,5
848,92,1
848,92,2
848,92,3
848,92,4
848,92,5
849,170,1
849,170,2
849,170,3
849,170,4
849,170,5
849,171,1
849,171,2
849,171,3
849,171,4
849,171,5
850,133,1
850,133,2
850,133,3
850,133,4
850,133,5
850,134,1
850,134,2
850,134,3
850,134,4
850,134,5
851,25,1
851,25,2
851,25,3
851,25,4
851,25,5
851,26,1
851,26,2
851,26,3
851,26,4
851,26,5
852,191,1
852,191,2
852,191,3
852,191,4
852,191,5
852,192,1
852,192,2
852,192,3
852,192,4
852,192,5
853,128,1
853,128,2
853,128,3
853,128,4
853,128,5
853,129,1
853,129,2
853,129,3
853,129,4
853,129,5
854,65,1
854,65,2
854,65,3
854,65,4
854,65,5
854,66,1
854,66,2
854,66,3
854,66,4
854,66,5
855,100,1
855,100,2
855,100,3
855,100,4
855,100,5
855,101,1
855,101,2
855,101,3
855,101,4
855,101,5
856,40,1
856,40,2
856,40,3
856,40,4
856,40,5
856,41,1
856,41,2
856,41,3
856,41,4
856,41,5
857,114,1
857,114,2
857,114,3
857,114,4
857,114,5
857,115,1
857,115,2
857,115,3
857,115,4
857,115,5
858,187,1
858,187,2
858,187,3
858,187,4
858,187,5
858,188,1
858,188,2
858,188,3
858,188,4
858,188,5
859,191,1
859,191,2
859,191,3
859,191,4
859,191,5
859,192,1
859,192,2
859,192,3
859,192,4
859,192,5
860,147,1
860,147,2
860,147,3
860,147,4
860,147,5
860,148,1
860,148,2
860,148,3
860,148,4
860,148,5
861,24,1
861,24,2
861,24,3
861,24,4
861,24,5
861,25,1
861,25,2
861,25,3
861,25,4
861,25,5
862,33,1
862,33,2
862,33,3
862,33,4
862,33,5
862,34,1
862,34,2
862,34,3
862,34,4
862,34,5
863,116,1
863,116,2
863,116,3
863,116,4
863,116,5
863,117,1
863,117,2
863,117,3
863,117,4
863,117,5
864,190,1
864,190,2
864,190,3
864,190,4
864,190,5
864,191,1
864,191,2
864,191,3
864,191,4
864,191,5
865,14,1
865,14,2
865,14,3
865,14,4
865,14,5
865,15,1
865,15,2
865,15,3
865,15,4
865,15,5
866,73,1
866,73,2
866,73,3
866,73,4
866,73,5
866,74,1
866,74,2
866,74,3
866,74,4
866,74,5
867,173,1
867,173,2
867,173,3
867,173,4
867,173,5
867,174,1
867,174,2
867,174,3
867,174,4
867,174,5
868,4,1
868,4,2
868,4,3
868,4,4
868,4,5
868,5,1
868,5,2
868,5,3
868,5,4
868,5,5
869,4,1
869,4,2
869,4,3
869,4,4
869,4,5
869,5,1
869,5,2
869,5,3
869,5,4
869,5,5
870,13,1
870,13,2
870,13,3
870,13,4
870,13,5
870,14,1
870,14,2
870,14,3
870,14,4
870,14,5
871,139,1
871,139,2
871,139,3
871,139,4
871,139,5
871,140,1
871,140,2
871,140,3
871,140,4
871,140,5
872,180,1
872,180,2
872,180,3
872,180,4
872,180,5
872,181,1
872,181,2
872,181,3
872,181,4
872,181,5
873,153,1
873,153,2
873,153,3
873,153,4
873,153,5
873,154,1
873,154,2
873,154,3
873,154,4
873,154,5
874,69,1
874,69,2
874,69,3
874,69,4
874,69,5
874,70,1
874,70,2
874,70,3
874,70,4
874,70,5
875,52,1
875,52,2
875,52,3
875,52,4
875,52,5
875,53,1
875,53,2
875,53,3
875,53,4
875,53,5
876,172,1
876,172,2
876,172,3
876,172,4
876,172,5
876,173,1
876,173,2
876,173,3
876,173,4
876,173,5
877,113,1
877,113,2
877,113,3
877,113,4
877,113,5
877,114,1
877,114,2
877,114,3
877,114,4
877,114,5
878,152,1
878,152,2
878,152,3
878,152,4
878,152,5
878,153,1
878,153,2
878,153,3
878,153,4
878,153,5
879,195,1
879,195,2
879,195,3
879,195,4
879,195,5
879,196,1
879,196,2
879,196,3
879,196,4
879,196,5
880,18,1
880,18,2
880,18,3
880,18,4
880,18,5
880,19,1
880,19,2
880,19,3
880,19,4
880,19,5
881,19,1
881,19,2
881,19,3
881,19,4
881,19,5
881,20,1
881,20,2
881,20,3
881,20,4
881,20,5
882,38,1
882,38,2
882,38,3
882,38,4
882,38,5
882,39,1
882,39,2
882,39,3
882,39,4
882,39,5
883,46,1
883,46,2
883,46,3
883,46,4
883,46,5
883,47,1
883,47,2
883,47,3
883,47,4
883,47,5
884,165,1
884,165,2
884,165,3
884,165,4
884,165,5
884,166,1
884,166,2
884,166,3
884,166,4
884,166,5
885,47,1
885,47,2
885,47,3
885,47,4
885,47,5
885,48,1
885,48,2
885,48,3
885,48,4
885,48,5
886,27,1
886,27,2
886,27,3
886,27,4
886,27,5
886,28,1
886,28,2
886,28,3
886,28,4
886,28,5
887,129,1
887,129,2
887,129,3
887,129,4
887,129,5
887,130,1
887,130,2
887,130,3
887,130,4
887,130,5
888,176,1
888,176,2
888,176,3
888,176,4
888,176,5
888,177,1
888,177,2
888,177,3
888,177,4
888,177,5
889,100,1
889,100,2
889,100,3
889,100,4
889,100,5
889,101,1
889,101,2
889,101,3
889,101,4
889,101,5
890,46,1
890,46,2
890,46,3
890,46,4
890,46,5
890,47,1
890,47,2
890,47,3
890,47,4
890,47,5
891,188,1
891,188,2
891,188,3
891,188,4
891,188,5
891,189,1
891,189,2
891,189,3
891,189,4
891,189,5
892,59,1
892,59,2
892,59,3
892,59,4
892,59,5
892,60,1
892,60,2
892,60,3
892,60,4
892,60,5
893,117,1
893,117,2
893,117,3
893,117,4
893,117,5
893,118,1
893,118,2
893,118,3
893,118,4
893,118,5
894,61,1
894,61,2
894,61,3
894,61,4
894,61,5
894,62,1
894,62,2
894,62,3
894,62,4
894,62,5
895,129,1
895,129,2
895,129,3
895,129,4
895,129,5
895,130,1
895,130,2
895,130,3
895,130,4
895,130,5
896,90,1
896,90,2
896,90,3
896,90,4
896,90,5
896,91,1
896,91,2
896,91,3
896,91,4
896,91,5
897,153,1
897,153,2
897,153,3
897,153,4
897,153,5
897,154,1
897,154,2
897,154,3
897,154,4
897,154,5
898,180,1
898,180,2
898,180,3
898,180,4
898,180,5
898,181,1
898,181,2
898,181,3
898,181,4
898,181,5
899,115,1
899,115,2
899,115,3
899,115,4
899,115,5
899,116,1
899,116,2
899,116,3
899,116,4
899,116,5
900,96,1
900,96,2
900,96,3
900,96,4
900,96,5
900,97,1
900,97,2
900,97,3
900,97,4
900,97,5
901,143,1
901,143,2
901,143,3
901,143,4
901,143,5
901,144,1
901,144,2
901,144,3
901,144,4
901,144,5
902,39,1
902,39,2
902,39,3
902,39,4
902,39,5
902,40,1
902,40,2
902,40,3
902,40,4
902,40,5
903,24,1
903,24,2
903,24,3
903,24,4
903,24,5
903,25,1
903,25,2
903,25,3
903,25,4
903,25,5
904,139,1
904,139,2
904,139,3
904,139,4
904,139,5
904,140,1
904,140,2
904,140,3
904,140,4
904,140,5
905,75,1
905,75,2
905,75,3
905,75,4
905,75,5
905,76,1
905,76,2
905,76,3
905,76,4
905,76,5
906,190,1
906,190,2
906,190,3
906,190,4
906,190,5
906,191,1
906,191,2
906,191,3
906,191,4
906,191,5
907,2,1
907,2,2
907,2,3
907,2,4
907,2,5
907,3,1
907,3,2
907,3,3
907,3,4
907,3,5
908,135,1
908,135,2
908,135,3
908,135,4
908,135,5
908,136,1
908,136,2
908,136,3
908,136,4
908,136,5
909,19,1
909,19,2
909,19,3
909,19,4
909,19,5
909,20,1
909,20,2
909,20,3
909,20,4
909,20,5
910,149,1
910,149,2
910,149,3
910,149,4
910,149,5
910,150,1
910,150,2
910,150,3
910,150,4
910,150,5
911,103,1
911,103,2
911,103,3
911,103,4
911,103,5
911,104,1
911,104,2
911,104,3
911,104,4
911,104,5
912,53,1
912,53,2
912,53,3
912,53,4
912,53,5
912,54,1
912,54,2
912,54,3
912,54,4
912,54,5
913,158,1
913,158,2
913,158,3
913,158,4
913,158,5
913,159,1
913,159,2
913,159,3
913,159,4
913,159,5
914,62,1
914,62,2
914,62,3
914,62,4
914,62,5
914,63,1
914,63,2
914,63,3
914,63,4
914,63,5
915,93,1
915,93,2
915,93,3
915,93,4
915,93,5
915,94,1
915,94,2
915,94,3
915,94,4
915,94,5
916,54,1
916,54,2
916,54,3
916,54,4
916,54,5
916,55,1
916,55,2
916,55,3
916,55,4
916,55,5
917,81,1
917,81,2
917,81,3
917,81,4
917,81,5
917,82,1
917,82,2
917,82,3
917,82,4
917,82,5
918,84,1
918,84,2
918,84,3
918,84,4
918,84,5
918,85,1
918,85,2
918,85,3
918,85,4
918,85,5
919,179,1
919,179,2
919,179,3
919,179,4
919,179,5
919,180,1
919,180,2
919,180,3
919,180,4
919,180,5
920,197,1
920,197,2
920,197,3
920,197,4
920,197,5
920,198,1
920,198,2
920,198,3
920,198,4
920,198,5
921,195,1
921,195,2
921,195,3
921,195,4
921,195,5
921,196,1
921,196,2
921,196,3
921,196,4
921,196,5
922,4,1
922,4,2
922,4,3
922,4,4
922,4,5
922,5,1
922,5,2
922,5,3
922,5,4
922,5,5
923,101,1
923,101,2
923,101,3
923,101,4
923,101,5
923,102,1
923,102,2
923,102,3
923,102,4
923,102,5
924,54,1
924,54,2
924,54,3
924,54,4
924,54,5
924,55,1
924,55,2
924,55,3
924,55,4
924,55,5
925,173,1
925,173,2
925,173,3
925,173,4
925,173,5
925,174,1
925,174,2
925,174,3
925,174,4
925,174,5
926,23,1
926,23,2
926,23,3
926,23,4
926,23,5
926,24,1
926,24,2
926,24,3
926,24,4
926,24,5
927,156,1
927,156,2
927,156,3
927,156,4
927,156,5
927,157,1
927,157,2
927,157,3
927,157,4
927,157,5
928,105,1
928,105,2
928,105,3
928,105,4
928,105,5
928,106,1
928,106,2
928,106,3
928,106,4
928,106,5
929,41,1
929,41,2
929,41,3
929,41,4
929,41,5
929,42,1
929,42,2
929,42,3
929,42,4
929,42,5
930,153,1
930,153,2
930,153,3
930,153,4
930,153,5
930,154,1
930,154,2
930,154,3
930,154,4
930,154,5
931,171,1
931,171,2
931,171,3
931,171,4
931,171,5
931,172,1
931,172,2
931,172,3
931,172,4
931,172,5
932,143,1
932,143,2
932,143,3
932,143,4
932,143,5
932,144,1
932,144,2
932,144,3
932,144,4
932,144,5
933,55,1
933,55,2
933,55,3
933,55,4
933,55,5
933,56,1
933,56,2
933,56,3
933,56,4
933,56,5
934,59,1
934,59,2
934,59,3
934,59,4
934,59,5
934,60,1
934,60,2
934,60,3
934,60,4
934,60,5
935,149,1
935,149,2
935,149,3
935,149,4
935,149,5
935,150,1
935,150,2
935,150,3
935,150,4
935,150,5
936,116,1
936,116,2
936,116,3
936,116,4
936,116,5
936,117,1
936,117,2
936,117,3
936,117,4
936,117,5
937,153,1
937,153,2
937,153,3
937,153,4
937,153,5
937,154,1
937,154,2
937,154,3
937,154,4
937,154,5
938,26,1
938,26,2
938,26,3
938,26,4
938,26,5
938,27,1
938,27,2
938,27,3
938,27,4
938,27,5
939,151,1
939,151,2
939,151,3
939,151,4
939,151,5
939,152,1
939,152,2
939,152,3
939,152,4
939,152,5
940,170,1
940,170,2
940,170,3
940,170,4
940,170,5
940,171,1
940,171,2
940,171,3
940,171,4
940,171,5
941,58,1
941,58,2
941,58,3
941,58,4
941,58,5
941,59,1
941,59,2
941,59,3
941,59,4
941,59,5
942,53,1
942,53,2
942,53,3
942,53,4
942,53,5
942,54,1
942,54,2
942,54,3
942,54,4
942,54,5
943,154,1
943,154,2
943,154,3
943,154,4
943,154,5
943,155,1
943,155,2
943,155,3
943,155,4
943,155,5
944,52,1
944,52,2
944,52,3
944,52,4
944,52,5
944,53,1
944,53,2
944,53,3
944,53,4
944,53,5
945,72,1
945,72,2
945,72,3
945,72,4
945,72,5
945,73,1
945,73,2
945,73,3
945,73,4
945,73,5
946,26,1
946,26,2
946,26,3
946,26,4
946,26,5
946,27,1
946,27,2
946,27,3
946,27,4
946,27,5
947,58,1
947,58,2
947,58,3
947,58,4
947,58,5
947,59,1
947,59,2
947,59,3
947,59,4
947,59,5
948,139,1
948,139,2
948,139,3
948,139,4
948,139,5
948,140,1
948,140,2
948,140,3
948,140,4
948,140,5
949,141,1
949,141,2
949,141,3
949,141,4
949,141,5
949,142,1
949,142,2
949,142,3
949,142,4
949,142,5
950,195,1
950,195,2
950,195,3
950,195,4
950,195,5
950,196,1
950,196,2
950,196,3
950,196,4
950,196,5
951,40,1
951,40,2
951,40,3
951,40,4
951,40,5
951,41,1
951,41,2
951,41,3
951,41,4
951,41,5
952,133,1
952,133,2
952,133,3
952,133,4
952,133,5
952,134,1
952,134,2
952,134,3
952,134,4
952,134,5
953,128,1
953,128,2
953,128,3
953,128,4
953,128,5
953,129,1
953,129,2
953,129,3
953,129,4
953,129,5
954,144,1
954,144,2
954,144,3
954,144,4
954,144,5
954,145,1
954,145,2
954,145,3
954,145,4
954,145,5
955,158,1
955,158,2
955,158,3
955,158,4
955,158,5
955,159,1
955,159,2
955,159,3
955,159,4
955,159,5
956,107,1
956,107,2
956,107,3
956,107,4
956,107,5
956,108,1
956,108,2
956,108,3
956,108,4
956,108,5
957,186,1
957,186,2
957,186,3
957,186,4
957,186,5
957,187,1
957,187,2
957,187,3
957,187,4
957,187,5
958,139,1
958,139,2
958,139,3
958,139,4
958,139,5
958,140,1
958,140,2
958,140,3
958,140,4
958,140,5
959,64,1
959,64,2
959,64,3
959,64,4
959,64,5
959,65,1
959,65,2
959,65,3
959,65,4
959,65,5
960,91,1
960,91,2
960,91,3
960,91,4
960,91,5
960,92,1
960,92,2
960,92,3
960,92,4
960,92,5
961,157,1
961,157,2
961,157,3
961,157,4
961,157,5
961,158,1
961,158,2
961,158,3
961,158,4
961,158,5
962,62,1
962,62,2
962,62,3
962,62,4
962,62,5
962,63,1
962,63,2
962,63,3
962,63,4
962,63,5
963,91,1
963,91,2
963,91,3
963,91,4
963,91,5
963,92,1
963,92,2
963,92,3
963,92,4
963,92,5
964,126,1
964,126,2
964,126,3
964,126,4
964,126,5
964,127,1
964,127,2
964,127,3
964,127,4
964,127,5
965,130,1
965,130,2
965,130,3
965,130,4
965,130,5
965,131,1
965,131,2
965,131,3
965,131,4
965,131,5
966,173,1
966,173,2
966,173,3
966,173,4
966,173,5
966,174,1
966,174,2
966,174,3
966,174,4
966,174,5
967,33,1
967,33,2
967,33,3
967,33,4
967,33,5
967,34,1
967,34,2
967,34,3
967,34,4
967,34,5
968,23,1
968,23,2
968,23,3
968,23,4
968,23,5
968,24,1
968,24,2
968,24,3
968,24,4
968,24,5
969,14,1
969,14,2
969,14,3
969,14,4
969,14,5
969,15,1
969,15,2
969,15,3
969,15,4
969,15,5
970,22,1
970,22,2
970,22,3
970,22,4
970,22,5
970,23,1
970,23,2
970,23,3
970,23,4
970,23,5
971,52,1
971,52,2
971,52,3
971,52,4
971,52,5
971,53,1
971,53,2
971,53,3
971,53,4
971,53,5
972,153,1
972,153,2
972,153,3
972,153,4
972,153,5
972,154,1
972,154,2
972,154,3
972,154,4
972,154,5
973,173,1
973,173,2
973,173,3
973,173,4
973,173,5
973,174,1
973,174,2
973,174,3
973,174,4
973,174,5
974,24,1
974,24,2
974,24,3
974,24,4
974,24,5
974,25,1
974,25,2
974,25,3
974,25,4
974,25,5
975,31,1
975,31,2
975,31,3
975,31,4
975,31,5
975,32,1
975,32,2
975,32,3
975,32,4
975,32,5
976,53,1
976,53,2
976,53,3
976,53,4
976,53,5
976,54,1
976,54,2
976,54,3
976,54,4
976,54,5
977,103,1
977,103,2
977,103,3
977,103,4
977,103,5
977,104,1
977,104,2
977,104,3
977,104,4
977,104,5
978,72,1
978,72,2
978,72,3
978,72,4
978,72,5
978,73,1
978,73,2
978,73,3
978,73,4
978,73,5
979,96,1
979,96,2
979,96,3
979,96,4
979,96,5
979,97,1
979,97,2
979,97,3
979,97,4
979,97,5
980,16,1
980,16,2
980,16,3
980,16,4
980,16,5
980,17,1
980,17,2
980,17,3
980,17,4
980,17,5
981,21,1
981,21,2
981,21,3
981,21,4
981,21,5
981,22,1
981,22,2
981,22,3
981,22,4
981,22,5
982,49,1
982,49,2
982,49,3
982,49,4
982,49,5
982,50,1
982,50,2
982,50,3
982,50,4
982,50,5
983,133,1
983,133,2
983,133,3
983,133,4
983,133,5
983,134,1
983,134,2
983,134,3
983,134,4
983,134,5
984,185,1
984,185,2
984,185,3
984,185,4
984,185,5
984,186,1
984,186,2
984,186,3
984,186,4
984,186,5
985,68,1
985,68,2
985,68,3
985,68,4
985,68,5
985,69,1
985,69,2
985,69,3
985,69,4
985,69,5
986,135,1
986,135,2
986,135,3
986,135,4
986,135,5
986,136,1
986,136,2
986,136,3
986,136,4
986,136,5
987,98,1
987,98,2
987,98,3
987,98,4
987,98,5
987,99,1
987,99,2
987,99,3
987,99,4
987,99,5
988,147,1
988,147,2
988,147,3
988,147,4
988,147,5
988,148,1
988,148,2
988,148,3
988,148,4
988,148,5
989,18,1
989,18,2
989,18,3
989,18,4
989,18,5
989,19,1
989,19,2
989,19,3
989,19,4
989,19,5
990,105,1
990,105,2
990,105,3
990,105,4
990,105,5
990,106,1
990,106,2
990,106,3
990,106,4
990,106,5
991,57,1
991,57,2
991,57,3
991,57,4
991,57,5
991,58,1
991,58,2
991,58,3
991,58,4
991,58,5
992,175,1
992,175,2
992,175,3
992,175,4
992,175,5
992,176,1
992,176,2
992,176,3
992,176,4
992,176,5
993,165,1
993,165,2
993,165,3
993,165,4
993,165,5
993,166,1
993,166,2
993,166,3
993,166,4
993,166,5
994,197,1
994,197,2
994,197,3
994,197,4
994,197,5
994,198,1
994,198,2
994,198,3
994,198,4
994,198,5
995,78,1
995,78,2
995,78,3
995,78,4
995,78,5
995,79,1
995,79,2
995,79,3
995,79,4
995,79,5
996,102,1
996,102,2
996,102,3
996,102,4
996,102,5
996,103,1
996,103,2
996,103,3
996,103,4
996,103,5
997,149,1
997,149,2
997,149,3
997,149,4
997,149,5
997,150,1
997,150,2
997,150,3
997,150,4
997,150,5
998,168,1
998,168,2
998,168,3
998,168,4
998,168,5
998,169,1
998,169,2
998,169,3
998,169,4
998,169,5
999,142,1
999,142,2
999,142,3
999,142,4
999,142,5
999,143,1
999,143,2
999,143,3
999,143,4
999,143,5
1000,119,1
1000,119,2
1000,119,3
1000,119,4
1000,119,5
1000,120,1
1000,120,2
1000,120,3
1000,120,4
1000,120,5
